userId,movieId,rating,timestamp
1,2,3.5,02-04-2005 23:53
1,29,3.5,02-04-2005 23:31
1,32,3.5,02-04-2005 23:33
1,47,3.5,02-04-2005 23:32
1,50,3.5,02-04-2005 23:29
1,112,3.5,10-09-2004 03:09
1,151,4,10-09-2004 03:08
1,223,4,02-04-2005 23:46
1,253,4,02-04-2005 23:35
1,260,4,02-04-2005 23:33
1,293,4,02-04-2005 23:31
1,296,4,02-04-2005 23:32
1,318,4,02-04-2005 23:33
1,337,3.5,10-09-2004 03:08
1,367,3.5,02-04-2005 23:53
1,541,4,02-04-2005 23:30
1,589,3.5,02-04-2005 23:45
1,593,3.5,02-04-2005 23:31
1,653,3,10-09-2004 03:08
1,919,3.5,10-09-2004 03:07
1,924,3.5,10-09-2004 03:06
1,1009,3.5,02-04-2005 23:53
1,1036,4,02-04-2005 23:44
1,1079,4,10-09-2004 03:07
1,1080,3.5,02-04-2005 23:42
1,1089,3.5,02-04-2005 23:31
1,1090,4,02-04-2005 23:44
1,1097,4,02-04-2005 23:48
1,1136,3.5,02-04-2005 23:30
1,1193,3.5,02-04-2005 23:31
1,1196,4.5,02-04-2005 23:32
1,1198,4.5,02-04-2005 23:30
1,1200,4,02-04-2005 23:29
1,1201,3,02-04-2005 23:30
1,1208,3.5,02-04-2005 23:33
1,1214,4,10-09-2004 03:12
1,1215,4,10-09-2004 03:14
1,1217,3.5,02-04-2005 23:33
1,1219,4,10-09-2004 03:13
1,1222,3.5,02-04-2005 23:30
1,1240,4,02-04-2005 23:43
1,1243,3,02-04-2005 23:46
1,1246,3.5,10-09-2004 03:09
1,1249,4,02-04-2005 23:43
1,1258,4,10-09-2004 03:13
1,1259,4,02-04-2005 23:44
1,1261,3.5,10-09-2004 03:15
1,1262,3.5,02-04-2005 23:32
1,1266,4,02-04-2005 23:42
1,1278,4,10-09-2004 03:13
1,1291,3.5,02-04-2005 23:45
1,1304,3,10-09-2004 03:08
1,1321,4,10-09-2004 03:14
1,1333,4,02-04-2005 23:36
1,1348,3.5,10-09-2004 03:14
1,1350,3.5,10-09-2004 03:15
1,1358,4,02-04-2005 23:43
1,1370,3,10-09-2004 03:09
1,1374,4,10-09-2004 03:09
1,1387,4,02-04-2005 23:35
1,1525,3,02-04-2005 23:55
1,1584,3.5,10-09-2004 03:07
1,1750,3.5,02-04-2005 23:56
1,1848,3.5,02-04-2005 23:53
1,1920,3.5,02-04-2005 23:54
1,1967,4,02-04-2005 23:48
1,1994,3.5,10-09-2004 03:14
1,1997,3.5,10-09-2004 03:13
1,2021,4,02-04-2005 23:52
1,2100,4,02-04-2005 23:52
1,2118,4,10-09-2004 03:14
1,2138,4,02-04-2005 23:49
1,2140,4,02-04-2005 23:48
1,2143,4,02-04-2005 23:52
1,2173,4,02-04-2005 23:51
1,2174,4,02-04-2005 23:50
1,2193,4,02-04-2005 23:49
1,2194,3.5,02-04-2005 23:44
1,2253,3.5,02-04-2005 23:55
1,2288,4,10-09-2004 03:14
1,2291,4,10-09-2004 03:09
1,2542,4,02-04-2005 23:44
1,2628,4,02-04-2005 23:53
1,2644,3.5,02-04-2005 23:36
1,2648,3.5,10-09-2004 03:13
1,2664,3.5,10-09-2004 03:15
1,2683,3.5,10-09-2004 03:07
1,2692,3.5,02-04-2005 23:32
1,2716,3.5,10-09-2004 03:13
1,2761,3,02-04-2005 23:32
1,2762,4,02-04-2005 23:42
1,2804,3.5,02-04-2005 23:43
1,2872,4,02-04-2005 23:48
1,2918,3.5,02-04-2005 23:44
1,2944,4,02-04-2005 23:43
1,2947,3.5,02-04-2005 23:46
1,2959,4,10-09-2004 03:08
1,2968,4,02-04-2005 23:50
1,3000,3.5,02-04-2005 23:29
1,3030,3,02-04-2005 23:29
1,3037,3.5,02-04-2005 23:46
1,3081,4,10-09-2004 03:15
1,3153,4,02-04-2005 23:50
1,3265,3.5,02-04-2005 23:28
1,3438,3.5,02-04-2005 23:54
1,3476,3.5,10-09-2004 03:15
1,3479,4,02-04-2005 23:48
1,3489,4,02-04-2005 23:53
1,3499,4,02-04-2005 23:35
1,3889,4,02-04-2005 23:55
1,3932,3,10-09-2004 03:16
1,3996,4,10-09-2004 03:08
1,3997,3.5,02-04-2005 23:56
1,4011,4,02-04-2005 23:43
1,4027,4,02-04-2005 23:44
1,4105,3.5,10-09-2004 03:15
1,4128,4,02-04-2005 23:35
1,4133,3,02-04-2005 23:56
1,4226,3.5,02-04-2005 23:28
1,4306,4,10-09-2004 03:09
1,4446,3.5,02-04-2005 23:52
1,4467,4,02-04-2005 23:50
1,4571,4,02-04-2005 23:51
1,4720,3.5,10-09-2004 03:13
1,4754,4,02-04-2005 23:36
1,4878,3.5,02-04-2005 23:28
1,4896,4,02-04-2005 23:48
1,4911,4,02-04-2005 23:52
1,4915,3,02-04-2005 23:54
1,4941,3.5,02-04-2005 23:53
1,4980,3.5,02-04-2005 23:54
1,4993,5,02-04-2005 23:31
1,5026,4,02-04-2005 23:50
1,5039,4,02-04-2005 23:51
1,5040,3,02-04-2005 23:54
1,5146,3.5,10-09-2004 03:15
1,5171,4,02-04-2005 23:55
1,5540,4,02-04-2005 23:51
1,5679,3.5,10-09-2004 03:15
1,5797,4,02-04-2005 23:51
1,5816,4,02-04-2005 23:48
1,5898,3.5,02-04-2005 23:53
1,5952,5,02-04-2005 23:30
1,5999,3.5,02-04-2005 23:55
1,6093,4,02-04-2005 23:48
1,6242,3.5,10-09-2004 03:13
1,6333,4,02-04-2005 23:45
1,6502,3.5,10-09-2004 03:14
1,6539,4,02-04-2005 23:45
1,6754,4,02-04-2005 23:53
1,6755,3.5,10-09-2004 03:14
1,6774,4,02-04-2005 23:49
1,6807,3.5,02-04-2005 23:31
1,6834,3.5,02-04-2005 23:54
1,6888,3,02-04-2005 23:55
1,7001,3.5,10-09-2004 03:15
1,7045,3.5,02-04-2005 23:50
1,7046,4,02-04-2005 23:52
1,7153,5,02-04-2005 23:30
1,7164,3.5,02-04-2005 23:52
1,7247,3.5,02-04-2005 23:52
1,7387,3.5,10-09-2004 03:16
1,7389,4,02-04-2005 23:54
1,7438,4,02-04-2005 23:33
1,7449,3.5,02-04-2005 23:56
1,7454,4,02-04-2005 23:55
1,7482,3,02-04-2005 23:29
1,7757,4,02-04-2005 23:50
1,8368,4,02-04-2005 23:48
1,8482,3.5,02-04-2005 23:49
1,8507,5,10-09-2004 03:13
1,8636,4.5,02-04-2005 23:44
1,8690,3.5,02-04-2005 23:33
1,8961,4,02-04-2005 23:47
1,31696,4,02-04-2005 23:49
2,3,4,21-11-2000 15:34
2,62,5,21-11-2000 15:29
2,70,5,21-11-2000 15:31
2,110,4,21-11-2000 15:30
2,242,3,21-11-2000 15:32
2,260,5,21-11-2000 15:36
2,266,5,21-11-2000 15:32
2,469,3,21-11-2000 15:29
2,480,5,21-11-2000 15:32
2,541,5,21-11-2000 15:36
2,589,5,21-11-2000 15:30
2,891,2,21-11-2000 15:36
2,908,4,21-11-2000 15:31
2,924,5,21-11-2000 15:36
2,1121,3,21-11-2000 15:29
2,1196,5,21-11-2000 15:36
2,1210,5,21-11-2000 15:29
2,1214,5,21-11-2000 15:36
2,1249,5,21-11-2000 15:31
2,1259,5,21-11-2000 15:30
2,1270,5,21-11-2000 15:36
2,1327,5,21-11-2000 15:34
2,1356,5,21-11-2000 15:29
2,1544,5,21-11-2000 15:35
2,1580,4,21-11-2000 15:32
2,1673,4,21-11-2000 15:32
2,1748,5,21-11-2000 15:36
2,1965,3,21-11-2000 15:32
2,1969,2,21-11-2000 15:36
2,1970,2,21-11-2000 15:36
2,1971,2,21-11-2000 15:35
2,1972,2,21-11-2000 15:36
2,1973,3,21-11-2000 15:35
2,1974,5,21-11-2000 15:29
2,1986,2,21-11-2000 15:36
2,2291,2,21-11-2000 15:32
2,2454,4,21-11-2000 15:35
2,2455,4,21-11-2000 15:32
2,2791,2,21-11-2000 15:30
2,2858,3,21-11-2000 15:30
2,2948,5,21-11-2000 15:30
2,2951,4,21-11-2000 15:29
2,3150,4,21-11-2000 15:32
2,3159,3,21-11-2000 15:29
2,3173,4,21-11-2000 15:34
2,3450,5,21-11-2000 15:34
2,3513,5,21-11-2000 15:30
2,3534,3,21-11-2000 15:34
2,3555,4,21-11-2000 15:32
2,3565,3,21-11-2000 15:32
2,3703,4,21-11-2000 15:36
2,3753,4,21-11-2000 15:31
2,3917,4,21-11-2000 15:32
2,3918,3,21-11-2000 15:35
2,3923,4,21-11-2000 15:35
2,3926,4,21-11-2000 15:34
2,3927,5,21-11-2000 15:32
2,3928,5,21-11-2000 15:32
2,3930,5,21-11-2000 15:35
2,3937,4,21-11-2000 15:35
2,3959,5,21-11-2000 15:30
3,1,4,11-12-1999 13:36
3,24,3,14-12-1999 12:54
3,32,4,11-12-1999 13:14
3,50,5,11-12-1999 13:13
3,160,3,14-12-1999 12:54
3,173,2,14-12-1999 12:54
3,175,5,11-12-1999 13:32
3,196,3,14-12-1999 12:52
3,223,5,11-12-1999 13:20
3,260,5,11-12-1999 13:09
3,316,5,14-12-1999 12:51
3,318,5,11-12-1999 13:09
3,329,5,14-12-1999 12:53
3,337,3,11-12-1999 13:36
3,440,3,11-12-1999 13:21
3,442,3,14-12-1999 12:53
3,457,5,11-12-1999 13:16
3,480,5,14-12-1999 12:50
3,490,5,11-12-1999 13:30
3,512,2,14-12-1999 12:53
3,541,5,11-12-1999 13:14
3,589,4,11-12-1999 07:25
3,593,5,11-12-1999 13:16
3,610,4,11-12-1999 13:41
3,718,3,11-12-1999 13:01
3,780,3,14-12-1999 12:50
3,788,4,14-12-1999 12:49
3,858,5,11-12-1999 13:01
3,904,5,11-12-1999 13:04
3,905,3,11-12-1999 13:04
3,919,4,11-12-1999 13:05
3,924,5,11-12-1999 13:10
3,953,5,11-12-1999 13:11
3,968,3,14-12-1999 12:47
3,1037,3,14-12-1999 12:52
3,1060,5,11-12-1999 13:18
3,1073,5,11-12-1999 13:20
3,1077,4,11-12-1999 13:16
3,1079,4,11-12-1999 13:09
3,1084,5,11-12-1999 13:15
3,1089,5,11-12-1999 13:05
3,1094,4,11-12-1999 13:27
3,1097,5,11-12-1999 13:29
3,1103,4,11-12-1999 13:12
3,1125,4,11-12-1999 13:26
3,1127,3,14-12-1999 12:49
3,1129,5,14-12-1999 12:49
3,1179,3,11-12-1999 13:15
3,1188,2,11-12-1999 07:25
3,1193,4,11-12-1999 13:03
3,1196,5,11-12-1999 13:10
3,1197,5,11-12-1999 13:16
3,1198,5,11-12-1999 13:09
3,1199,4,11-12-1999 13:41
3,1200,4,11-12-1999 13:20
3,1206,5,11-12-1999 13:14
3,1208,5,11-12-1999 13:07
3,1210,5,11-12-1999 13:27
3,1213,5,11-12-1999 13:08
3,1214,5,11-12-1999 13:27
3,1215,4,14-12-1999 12:47
3,1219,4,11-12-1999 13:02
3,1220,5,11-12-1999 13:35
3,1221,5,11-12-1999 13:01
3,1222,5,11-12-1999 13:20
3,1225,3,11-12-1999 13:04
3,1228,3,11-12-1999 13:03
3,1230,5,11-12-1999 13:02
3,1240,5,11-12-1999 13:35
3,1242,5,11-12-1999 13:19
3,1247,5,11-12-1999 13:04
3,1257,5,11-12-1999 13:35
3,1258,5,11-12-1999 13:15
3,1259,5,11-12-1999 13:18
3,1261,5,11-12-1999 13:20
3,1266,5,11-12-1999 13:23
3,1270,5,11-12-1999 13:41
3,1272,4,11-12-1999 13:15
3,1276,5,11-12-1999 13:08
3,1278,5,11-12-1999 13:13
3,1288,2,11-12-1999 13:03
3,1304,5,11-12-1999 13:16
3,1307,4,11-12-1999 13:15
3,1321,5,11-12-1999 13:27
3,1330,3,11-12-1999 13:31
3,1333,4,11-12-1999 13:25
3,1345,4,11-12-1999 13:25
3,1356,5,14-12-1999 12:51
3,1372,3,14-12-1999 12:50
3,1373,4,14-12-1999 12:54
3,1374,5,11-12-1999 13:42
3,1375,5,14-12-1999 12:52
3,1376,4,11-12-1999 13:41
3,1396,3,14-12-1999 12:48
3,1544,4,14-12-1999 12:53
3,1584,4,14-12-1999 12:49
3,1603,4,14-12-1999 12:51
3,1653,4,14-12-1999 12:48
3,1674,4,11-12-1999 13:25
3,1676,5,14-12-1999 12:49
3,1721,4,11-12-1999 07:25
3,1762,4,14-12-1999 12:54
3,1779,3,14-12-1999 12:52
3,1810,3,11-12-1999 13:36
3,1831,5,14-12-1999 12:54
3,1876,4,14-12-1999 12:52
3,1882,4,14-12-1999 12:54
3,1909,5,14-12-1999 12:51
3,1917,4,14-12-1999 12:52
3,1921,4,14-12-1999 12:48
3,2009,5,14-12-1999 12:48
3,2011,3,11-12-1999 07:25
3,2012,3,14-12-1999 12:53
3,2018,4,11-12-1999 13:23
3,2028,4,11-12-1999 13:19
3,2034,4,14-12-1999 12:54
3,2046,5,14-12-1999 12:51
3,2053,3,14-12-1999 12:54
3,2054,4,14-12-1999 12:52
3,2076,5,11-12-1999 13:24
3,2093,5,11-12-1999 13:41
3,2105,4,11-12-1999 13:42
3,2117,5,11-12-1999 13:20
3,2118,5,11-12-1999 07:25
3,2140,4,14-12-1999 12:49
3,2150,5,11-12-1999 13:30
3,2236,4,11-12-1999 13:18
3,2288,5,11-12-1999 13:41
3,2311,4,11-12-1999 13:42
3,2329,4,11-12-1999 13:25
3,2366,4,11-12-1999 13:18
3,2371,4,11-12-1999 13:28
3,2391,5,11-12-1999 13:16
3,2407,4,14-12-1999 12:51
3,2428,4,14-12-1999 12:51
3,2448,5,11-12-1999 07:36
3,2455,4,11-12-1999 13:42
3,2505,4,11-12-1999 07:36
3,2528,4,14-12-1999 12:49
3,2529,5,14-12-1999 12:48
3,2530,4,14-12-1999 12:52
3,2531,3,14-12-1999 12:50
3,2532,4,14-12-1999 12:52
3,2533,3,14-12-1999 12:48
3,2541,1,11-12-1999 07:30
3,2551,4,11-12-1999 13:23
3,2567,3,11-12-1999 07:34
3,2571,5,14-12-1999 12:47
3,2574,3,11-12-1999 07:37
3,2613,4,14-12-1999 12:50
3,2615,4,14-12-1999 12:53
3,2628,5,14-12-1999 12:52
3,2640,4,14-12-1999 12:48
3,2642,3,14-12-1999 12:54
3,2643,1,14-12-1999 12:54
3,2657,3,14-12-1999 12:48
3,2662,3,14-12-1999 12:47
3,2668,4,14-12-1999 12:54
3,2676,1,11-12-1999 07:30
3,2694,4,11-12-1999 07:37
3,2699,3,14-12-1999 12:51
3,2710,5,11-12-1999 07:30
3,2722,4,11-12-1999 07:34
3,2750,4,11-12-1999 13:20
3,2788,5,11-12-1999 13:21
3,2791,5,11-12-1999 13:07
3,2797,4,11-12-1999 13:29
3,2808,4,14-12-1999 12:54
3,2857,3,11-12-1999 07:30
3,2872,5,11-12-1999 13:44
3,2900,3,14-12-1999 12:50
3,2901,3,14-12-1999 12:49
3,2916,4,14-12-1999 12:48
3,2918,5,11-12-1999 13:21
3,2947,4,11-12-1999 13:36
3,2948,4,11-12-1999 13:27
3,2949,4,11-12-1999 13:29
3,2968,5,11-12-1999 13:41
3,2985,5,11-12-1999 13:42
3,2986,2,14-12-1999 12:54
3,3033,5,11-12-1999 13:42
3,3039,5,11-12-1999 13:33
3,3070,4,11-12-1999 13:42
3,3072,4,11-12-1999 13:22
3,3098,4,11-12-1999 13:21
3,3142,4,11-12-1999 13:02
3,5060,5,11-12-1999 13:04
4,6,3,24-08-1996 09:33
4,10,4,24-08-1996 09:28
4,19,3,24-08-1996 09:29
4,32,1,24-08-1996 09:31
4,165,3,24-08-1996 09:27
4,329,3,24-08-1996 09:28
4,350,4,24-08-1996 09:31
4,356,4,24-08-1996 09:28
4,367,3,24-08-1996 09:29
4,368,4,24-08-1996 09:33
4,370,4,24-08-1996 09:34
4,377,4,24-08-1996 09:29
4,380,3,24-08-1996 09:27
4,420,3,24-08-1996 09:30
4,431,4,24-08-1996 09:35
4,440,3,24-08-1996 09:31
4,454,5,24-08-1996 09:29
4,480,4,24-08-1996 09:29
4,489,4,24-08-1996 09:39
4,519,3,24-08-1996 09:38
4,520,4,24-08-1996 09:34
4,531,3,24-08-1996 09:37
4,548,3,24-08-1996 09:40
4,586,4,24-08-1996 09:30
4,589,4,24-08-1996 09:29
4,594,4,24-08-1996 09:34
4,596,4,24-08-1996 09:37
4,733,5,24-08-1996 09:35
5,2,3,25-12-1996 15:26
5,11,5,25-12-1996 15:29
5,17,3,25-12-1996 15:15
5,60,3,26-12-1996 16:26
5,62,5,25-12-1996 15:15
5,104,2,25-12-1996 15:16
5,110,4,25-12-1996 15:26
5,140,2,25-12-1996 15:16
5,141,5,25-12-1996 15:15
5,150,5,25-12-1996 15:25
5,224,2,25-12-1996 15:27
5,235,3,25-12-1996 15:28
5,260,5,25-12-1996 15:26
5,282,4,25-12-1996 15:26
5,316,4,26-12-1996 16:27
5,318,5,25-12-1996 15:26
5,350,4,25-12-1996 15:28
5,364,5,25-12-1996 15:26
5,367,3,25-12-1996 15:27
5,368,5,25-12-1996 15:27
5,370,4,25-12-1996 15:26
5,376,4,26-12-1996 16:24
5,377,5,25-12-1996 15:28
5,380,5,25-12-1996 15:25
5,440,5,25-12-1996 15:26
5,454,5,25-12-1996 15:28
5,457,5,25-12-1996 15:25
5,475,4,25-12-1996 15:27
5,480,4,25-12-1996 15:25
5,491,4,25-12-1996 15:26
5,500,5,25-12-1996 15:26
5,508,5,25-12-1996 15:28
5,515,3,25-12-1996 15:29
5,529,4,25-12-1996 15:27
5,531,5,25-12-1996 15:29
5,587,4,25-12-1996 15:26
5,588,5,25-12-1996 15:28
5,589,5,25-12-1996 15:26
5,590,5,25-12-1996 15:25
5,593,3,25-12-1996 15:25
5,594,5,26-12-1996 16:26
5,595,5,25-12-1996 15:25
5,608,3,25-12-1996 15:16
5,631,3,25-12-1996 15:17
5,648,3,25-12-1996 15:15
5,671,5,25-12-1996 15:17
5,708,3,25-12-1996 15:16
5,720,5,25-12-1996 15:27
5,736,5,25-12-1996 15:15
5,780,5,25-12-1996 15:15
5,788,3,25-12-1996 15:16
5,832,5,25-12-1996 15:17
5,1028,5,26-12-1996 16:27
5,1035,5,26-12-1996 16:26
5,1036,5,25-12-1996 15:26
5,1042,4,25-12-1996 15:19
5,1073,2,25-12-1996 15:16
5,1079,5,26-12-1996 16:25
5,1080,5,26-12-1996 16:27
5,1097,5,25-12-1996 15:28
5,1136,5,26-12-1996 16:28
5,1196,5,26-12-1996 16:27
5,1198,5,26-12-1996 16:27
5,1210,5,26-12-1996 16:27
5,1291,5,26-12-1996 16:28
5,1393,5,25-12-1996 15:20
6,1,5,13-03-1997 17:50
6,3,3,13-03-1997 17:52
6,7,5,13-03-1997 17:52
6,17,5,13-03-1997 17:50
6,52,5,13-03-1997 17:54
6,62,5,13-03-1997 17:50
6,135,3,13-03-1997 17:56
6,140,4,13-03-1997 17:58
6,141,5,13-03-1997 17:50
6,260,4,13-03-1997 17:54
6,494,4,13-03-1997 17:52
6,628,4,13-03-1997 17:56
6,648,5,13-03-1997 17:50
6,653,4,13-03-1997 17:54
6,708,4,13-03-1997 17:54
6,719,3,13-03-1997 17:58
6,733,3,13-03-1997 17:52
6,736,2,13-03-1997 17:50
6,743,3,13-03-1997 17:58
6,762,3,13-03-1997 17:56
6,780,3,13-03-1997 17:50
6,788,4,13-03-1997 17:54
6,802,3,13-03-1997 17:56
6,1073,1,13-03-1997 17:52
7,3,3,16-01-2002 19:14
7,7,3,16-01-2002 19:10
7,11,4,16-01-2002 19:04
7,15,2,16-01-2002 19:18
7,16,3,16-01-2002 18:22
7,17,2,16-01-2002 19:01
7,24,3,16-01-2002 18:53
7,105,2,16-01-2002 19:12
7,122,2,16-01-2002 19:16
7,151,3,16-01-2002 19:06
7,252,2,16-01-2002 19:11
7,260,5,16-01-2002 18:44
7,271,3,16-01-2002 18:36
7,276,2,16-01-2002 19:17
7,316,3,16-01-2002 18:50
7,339,3,16-01-2002 19:08
7,348,4,16-01-2002 18:34
7,351,3,16-01-2002 19:17
7,355,3,16-01-2002 18:21
7,356,4,16-01-2002 19:02
7,357,3,16-01-2002 19:07
7,362,3,16-01-2002 19:12
7,364,4,16-01-2002 18:08
7,377,3,16-01-2002 19:04
7,425,3,16-01-2002 19:14
7,440,4,16-01-2002 19:04
7,480,5,16-01-2002 18:46
7,509,2,16-01-2002 18:43
7,539,4,16-01-2002 19:06
7,553,4,16-01-2002 18:27
7,587,5,16-01-2002 19:10
7,589,5,16-01-2002 18:40
7,590,4,16-01-2002 18:24
7,597,4,16-01-2002 19:05
7,674,2,16-01-2002 18:53
7,708,3,16-01-2002 19:07
7,736,3,16-01-2002 19:09
7,750,5,16-01-2002 18:44
7,780,4,16-01-2002 18:48
7,788,3,16-01-2002 19:15
7,806,1,16-01-2002 18:38
7,852,3,16-01-2002 19:04
7,880,3,16-01-2002 18:54
7,899,4,16-01-2002 19:03
7,908,4,16-01-2002 18:08
7,912,5,16-01-2002 18:09
7,914,3,16-01-2002 19:05
7,920,4,16-01-2002 19:01
7,922,3,16-01-2002 18:59
7,924,3,16-01-2002 18:44
7,928,3,16-01-2002 19:02
7,932,3,16-01-2002 19:03
7,952,3,16-01-2002 18:41
7,1017,4,16-01-2002 18:24
7,1020,3,16-01-2002 18:22
7,1077,5,16-01-2002 18:48
7,1094,3,16-01-2002 19:07
7,1095,1,16-01-2002 18:23
7,1097,4,16-01-2002 18:44
7,1101,3,16-01-2002 19:08
7,1183,3,16-01-2002 19:09
7,1196,5,16-01-2002 18:09
7,1206,2,16-01-2002 18:45
7,1210,5,16-01-2002 18:10
7,1230,3,16-01-2002 18:08
7,1247,4,16-01-2002 19:00
7,1253,4,16-01-2002 18:44
7,1256,5,16-01-2002 18:21
7,1259,3,16-01-2002 18:23
7,1265,4,16-01-2002 19:03
7,1270,4,16-01-2002 18:44
7,1271,4,16-01-2002 18:34
7,1272,4,16-01-2002 18:21
7,1301,3,16-01-2002 18:45
7,1307,3,16-01-2002 19:01
7,1343,3,16-01-2002 18:32
7,1357,4,16-01-2002 19:04
7,1385,4,16-01-2002 18:20
7,1391,2,16-01-2002 18:50
7,1393,3,16-01-2002 19:03
7,1408,3,16-01-2002 19:09
7,1409,2,16-01-2002 19:15
7,1441,3,16-01-2002 19:08
7,1449,4,16-01-2002 18:42
7,1466,3,16-01-2002 18:39
7,1513,2,16-01-2002 19:28
7,1517,3,16-01-2002 18:33
7,1544,4,16-01-2002 18:51
7,1573,3,16-01-2002 18:48
7,1580,3,16-01-2002 18:47
7,1597,3,16-01-2002 19:11
7,1617,3,16-01-2002 18:10
7,1674,4,16-01-2002 19:02
7,1682,2,16-01-2002 18:36
7,1721,5,16-01-2002 19:06
7,1777,4,16-01-2002 19:05
7,1882,3,16-01-2002 18:55
7,1888,3,16-01-2002 19:15
7,1894,3,16-01-2002 19:14
7,1911,4,16-01-2002 19:24
7,1917,4,16-01-2002 18:48
7,1932,3,16-01-2002 18:33
7,1964,3,16-01-2002 18:22
7,2011,4,16-01-2002 18:50
7,2012,4,16-01-2002 18:50
7,2013,3,16-01-2002 19:28
7,2018,4,16-01-2002 18:28
7,2028,5,16-01-2002 18:24
7,2054,3,16-01-2002 18:52
7,2067,3,16-01-2002 19:01
7,2080,4,16-01-2002 18:33
7,2081,3,16-01-2002 18:41
7,2108,3,16-01-2002 19:08
7,2112,3,16-01-2002 18:41
7,2125,3,16-01-2002 19:03
7,2146,3,16-01-2002 19:14
7,2195,2,16-01-2002 18:36
7,2243,3,16-01-2002 18:23
7,2266,2,16-01-2002 19:16
7,2297,3,16-01-2002 18:24
7,2311,3,16-01-2002 18:53
7,2316,3,16-01-2002 19:14
7,2333,3,16-01-2002 19:26
7,2346,3,16-01-2002 18:50
7,2363,3,16-01-2002 18:46
7,2367,3,16-01-2002 18:35
7,2384,3,16-01-2002 18:29
7,2385,2,16-01-2002 19:17
7,2390,4,16-01-2002 19:26
7,2396,3,16-01-2002 19:02
7,2403,4,16-01-2002 18:42
7,2405,4,16-01-2002 19:09
7,2407,4,16-01-2002 18:29
7,2424,3,16-01-2002 19:10
7,2427,3,16-01-2002 18:36
7,2463,4,16-01-2002 18:39
7,2468,2,16-01-2002 18:30
7,2469,3,16-01-2002 18:31
7,2478,2,16-01-2002 18:31
7,2498,2,16-01-2002 18:54
7,2529,4,16-01-2002 18:45
7,2535,3,16-01-2002 18:28
7,2546,3,16-01-2002 19:23
7,2558,3,16-01-2002 19:16
7,2598,3,16-01-2002 19:28
7,2628,4,16-01-2002 18:48
7,2633,3,16-01-2002 19:09
7,2640,4,16-01-2002 18:47
7,2641,4,16-01-2002 18:48
7,2642,3,16-01-2002 18:55
7,2654,4,16-01-2002 18:30
7,2657,2,16-01-2002 18:50
7,2664,4,16-01-2002 18:51
7,2671,4,16-01-2002 19:06
7,2683,3,16-01-2002 19:22
7,2694,3,16-01-2002 19:23
7,2701,3,16-01-2002 18:23
7,2716,4,16-01-2002 19:26
7,2722,3,16-01-2002 18:54
7,2723,3,16-01-2002 19:26
7,2734,2,16-01-2002 19:26
7,2752,4,16-01-2002 18:23
7,2762,5,16-01-2002 19:29
7,2770,2,16-01-2002 19:23
7,2858,3,16-01-2002 19:22
7,2861,3,16-01-2002 18:29
7,2881,4,16-01-2002 19:24
7,2908,4,16-01-2002 19:23
7,2916,3,16-01-2002 18:47
7,2942,5,16-01-2002 18:38
7,2950,3,16-01-2002 18:43
7,2959,4,16-01-2002 19:24
7,2968,2,16-01-2002 18:49
7,2987,4,16-01-2002 18:59
7,2993,4,16-01-2002 18:10
7,3004,2,16-01-2002 19:18
7,3032,2,16-01-2002 18:46
7,3033,2,16-01-2002 18:50
7,3037,4,16-01-2002 18:39
7,3039,3,16-01-2002 18:25
7,3062,3,16-01-2002 18:10
7,3074,3,16-01-2002 18:34
7,3081,2,16-01-2002 18:09
7,3086,4,16-01-2002 18:24
7,3103,2,16-01-2002 18:37
7,3108,3,16-01-2002 19:11
7,3118,3,16-01-2002 18:33
7,3156,3,16-01-2002 18:51
7,3175,2,16-01-2002 18:46
7,3176,2,16-01-2002 19:29
7,3179,5,16-01-2002 19:22
7,3185,3,16-01-2002 19:29
7,3194,4,16-01-2002 18:40
7,3199,2,16-01-2002 19:04
7,3219,2,16-01-2002 19:26
7,3235,3,16-01-2002 18:27
7,3244,3,16-01-2002 19:06
7,3334,3,16-01-2002 18:59
7,3341,4,16-01-2002 18:29
7,3354,3,16-01-2002 18:53
7,3363,4,16-01-2002 18:43
7,3408,4,16-01-2002 19:24
7,3417,5,16-01-2002 18:44
7,3448,4,16-01-2002 18:34
7,3469,4,16-01-2002 18:10
7,3479,5,16-01-2002 19:05
7,3501,3,16-01-2002 19:11
7,3510,4,16-01-2002 19:26
7,3512,4,16-01-2002 19:28
7,3524,4,16-01-2002 19:12
7,3526,3,16-01-2002 18:41
7,3527,3,16-01-2002 18:47
7,3528,2,16-01-2002 19:12
7,3578,5,16-01-2002 19:26
7,3593,2,16-01-2002 18:55
7,3671,4,16-01-2002 18:40
7,3684,3,16-01-2002 19:08
7,3699,4,16-01-2002 18:39
7,3701,3,16-01-2002 18:50
7,3717,2,16-01-2002 19:26
7,3753,4,16-01-2002 19:28
7,3754,2,16-01-2002 19:22
7,3793,4,16-01-2002 18:46
7,3798,2,16-01-2002 19:29
7,3824,2,16-01-2002 19:22
7,3826,4,16-01-2002 18:53
7,3827,3,16-01-2002 18:49
7,3844,3,16-01-2002 18:33
7,3864,3,16-01-2002 18:51
7,3911,4,16-01-2002 18:27
7,3926,3,16-01-2002 18:54
7,3932,4,16-01-2002 18:45
7,3959,4,16-01-2002 18:49
7,3977,4,16-01-2002 19:23
7,3978,3,16-01-2002 19:04
7,3987,4,16-01-2002 19:11
7,3988,4,16-01-2002 18:18
7,3994,3,16-01-2002 18:47
7,4018,3,16-01-2002 19:10
7,4019,4,16-01-2002 18:40
7,4023,3,16-01-2002 19:06
7,4041,4,16-01-2002 19:02
7,4062,3,16-01-2002 19:09
7,4155,3,16-01-2002 19:11
7,4186,4,16-01-2002 19:02
7,4270,3,16-01-2002 18:24
7,4306,5,16-01-2002 18:17
7,4308,4,16-01-2002 18:17
7,4310,3,16-01-2002 18:17
7,4317,3,16-01-2002 19:17
7,4339,4,16-01-2002 18:21
7,4349,3,16-01-2002 18:27
7,4361,3,16-01-2002 19:02
7,4368,3,16-01-2002 18:17
7,4370,2,16-01-2002 18:47
7,4464,2,16-01-2002 19:05
7,4503,3,16-01-2002 19:14
7,4545,4,16-01-2002 18:34
7,4603,2,16-01-2002 18:41
7,4626,4,16-01-2002 18:53
7,4638,4,16-01-2002 18:17
7,4639,2,16-01-2002 18:18
7,4643,4,16-01-2002 18:49
7,4661,2,16-01-2002 18:22
7,4700,3,16-01-2002 18:25
7,4736,3,16-01-2002 18:18
7,4799,5,16-01-2002 18:22
7,4848,1,16-01-2002 18:12
7,4867,4,16-01-2002 18:13
7,4874,4,16-01-2002 18:13
7,4896,3,16-01-2002 18:12
7,4963,5,16-01-2002 18:12
7,4993,4,16-01-2002 18:12
7,4994,4,16-01-2002 18:13
7,4995,3,16-01-2002 18:14
7,5009,3,16-01-2002 18:14
8,1,4,05-06-1996 13:37
8,3,5,05-06-1996 13:35
8,6,3,05-06-1996 13:50
8,10,4,05-06-1996 13:37
8,19,1,05-06-1996 13:38
8,21,4,05-06-1996 13:35
8,39,3,05-06-1996 13:39
8,47,5,05-06-1996 13:38
8,48,4,05-06-1996 13:43
8,110,5,05-06-1996 13:37
8,150,4,05-06-1996 11:11
8,153,3,05-06-1996 11:12
8,161,4,05-06-1996 13:36
8,165,3,05-06-1996 11:12
8,168,3,05-06-1996 13:42
8,172,1,05-06-1996 13:42
8,173,3,05-06-1996 13:39
8,185,2,12-06-1996 13:41
8,207,4,05-06-1996 13:52
8,208,3,05-06-1996 13:37
8,231,3,18-06-1996 08:45
8,236,4,05-06-1996 13:40
8,253,4,05-06-1996 13:37
8,266,5,05-06-1996 13:39
8,276,3,05-06-1996 13:44
8,277,4,05-06-1996 13:44
8,288,5,05-06-1996 13:37
8,292,4,05-06-1996 13:37
8,296,5,05-06-1996 11:11
8,316,2,05-06-1996 11:13
8,329,3,05-06-1996 11:13
8,338,2,12-06-1996 13:41
8,339,4,05-06-1996 13:37
8,344,3,05-06-1996 11:12
8,349,5,05-06-1996 11:12
8,350,4,05-06-1996 13:44
8,353,3,05-06-1996 13:51
8,355,2,05-06-1996 13:53
8,356,5,05-06-1996 13:44
8,357,4,05-06-1996 13:53
8,364,4,05-06-1996 13:40
8,367,3,05-06-1996 13:42
8,372,4,12-06-1996 13:44
8,377,4,05-06-1996 13:51
8,380,4,05-06-1996 11:11
8,381,4,05-06-1996 13:51
8,434,5,05-06-1996 13:36
8,442,4,05-06-1996 13:44
8,454,4,18-06-1996 08:46
8,457,5,05-06-1996 13:38
8,480,4,05-06-1996 13:50
8,500,4,05-06-1996 13:53
8,508,3,05-06-1996 13:55
8,527,5,05-06-1996 11:14
8,539,4,05-06-1996 13:54
8,550,4,12-06-1996 13:44
8,551,4,05-06-1996 13:51
8,552,3,05-06-1996 13:54
8,553,5,05-06-1996 13:40
8,587,4,05-06-1996 13:54
8,588,3,05-06-1996 11:12
8,589,5,05-06-1996 13:51
8,590,5,05-06-1996 11:11
8,592,4,05-06-1996 11:11
8,593,5,05-06-1996 13:38
8,595,3,18-06-1996 08:45
8,597,5,05-06-1996 13:54
8,610,4,05-06-1996 13:35
8,648,5,12-06-1996 13:41
8,733,4,12-06-1996 13:36
9,356,4,01-07-2001 20:26
9,858,5,01-07-2001 20:26
9,1219,3,01-07-2001 20:26
9,1911,3,01-07-2001 20:50
9,1923,4,01-07-2001 20:40
9,1997,5,01-07-2001 20:43
9,2279,3,01-07-2001 20:27
9,2605,2,01-07-2001 20:51
9,2683,3,01-07-2001 20:48
9,2688,3,01-07-2001 20:53
9,2706,4,01-07-2001 20:48
9,2710,3,01-07-2001 20:48
9,2719,2,01-07-2001 20:53
9,2722,2,01-07-2001 20:50
9,2840,3,01-07-2001 20:45
9,2841,4,01-07-2001 20:44
9,2959,5,01-07-2001 20:51
9,3016,2,01-07-2001 20:50
9,3785,2,01-07-2001 20:25
9,3798,5,01-07-2001 20:46
9,3857,3,01-07-2001 20:48
9,3908,2,01-07-2001 20:41
9,3979,3,01-07-2001 20:31
9,3994,3,01-07-2001 20:30
9,3999,2,01-07-2001 20:30
9,4022,4,01-07-2001 20:28
9,4030,2,01-07-2001 20:31
9,4034,1,01-07-2001 20:28
9,4148,5,01-07-2001 20:43
9,4369,4,01-07-2001 20:34
9,4483,2,01-07-2001 20:38
9,4502,1,01-07-2001 20:37
9,4509,3,01-07-2001 20:37
9,4519,2,01-07-2001 20:36
9,4533,3,01-07-2001 20:36
10,1,4,25-11-1999 02:44
10,11,4,25-11-1999 02:41
10,25,4,25-11-1999 02:41
10,260,4,25-11-1999 02:36
10,356,3,25-11-1999 02:32
10,527,5,25-11-1999 02:32
10,858,5,25-11-1999 02:37
10,912,4,25-11-1999 02:32
10,969,4,25-11-1999 02:40
10,1094,3,25-11-1999 02:34
10,1136,4,25-11-1999 02:46
10,1196,4,25-11-1999 02:33
10,1198,4,25-11-1999 02:36
10,1204,3,25-11-1999 02:32
10,1208,4,25-11-1999 02:33
10,1210,4,25-11-1999 02:40
10,1221,5,25-11-1999 02:38
10,1222,3,25-11-1999 02:33
10,1230,4,25-11-1999 02:39
10,1240,4,25-11-1999 02:38
10,1242,4,25-11-1999 02:33
10,1247,5,25-11-1999 02:39
10,1250,4,25-11-1999 02:33
10,1304,3,25-11-1999 02:46
10,1387,5,25-11-1999 02:36
10,1721,4,25-11-1999 02:40
10,1960,3,25-11-1999 02:33
10,2028,4,25-11-1999 02:33
10,2058,3,25-11-1999 02:36
10,2194,4,25-11-1999 02:38
10,2384,4,25-11-1999 02:43
10,2529,3,25-11-1999 02:36
10,2657,4,25-11-1999 02:45
10,2797,4,25-11-1999 02:45
10,2944,4,25-11-1999 02:38
10,2948,4,25-11-1999 02:38
10,3062,4,25-11-1999 02:37
10,3107,3,25-11-1999 02:36
11,1,4.5,02-01-2009 01:13
11,10,2.5,02-01-2009 01:15
11,19,3.5,01-01-2009 04:21
11,32,5,01-01-2009 04:11
11,39,4.5,02-01-2009 01:17
11,65,2,02-01-2009 00:37
11,110,4,01-01-2009 23:49
11,145,3,01-01-2009 04:59
11,150,5,01-01-2009 04:49
11,153,3.5,02-01-2009 01:15
11,158,4,01-01-2009 23:52
11,160,4,01-01-2009 05:27
11,165,4,02-01-2009 01:15
11,170,5,01-01-2009 04:02
11,172,5,01-01-2009 05:30
11,173,5,01-01-2009 05:49
11,185,4,02-01-2009 01:16
11,208,4.5,01-01-2009 05:31
11,231,4,02-01-2009 01:15
11,253,4.5,02-01-2009 01:16
11,256,5,01-01-2009 05:49
11,260,5,01-01-2009 05:26
11,286,0.5,01-01-2009 05:30
11,296,3.5,02-01-2009 01:13
11,316,3.5,01-01-2009 05:41
11,318,5,01-01-2009 22:56
11,344,3.5,01-01-2009 04:21
11,356,5,02-01-2009 01:13
11,364,4,02-01-2009 01:15
11,367,4,02-01-2009 01:15
11,377,4,02-01-2009 01:14
11,380,5,25-08-2009 03:27
11,384,3.5,01-01-2009 04:59
11,405,3.5,01-01-2009 05:27
11,410,4,01-01-2009 04:23
11,441,1.5,01-01-2009 23:52
11,442,4.5,01-01-2009 05:33
11,480,5,01-01-2009 05:45
11,500,4.5,02-01-2009 01:15
11,519,1,01-01-2009 05:26
11,527,4.5,25-08-2009 03:27
11,531,4.5,01-01-2009 04:02
11,541,4.5,01-01-2009 05:25
11,546,5,01-01-2009 05:48
11,551,5,01-01-2009 23:52
11,586,4,02-01-2009 01:17
11,587,4.5,02-01-2009 01:16
11,588,5,25-08-2009 03:27
11,589,4.5,01-01-2009 05:47
11,592,4.5,01-01-2009 05:57
11,593,5,02-01-2009 01:13
11,595,4.5,02-01-2009 01:15
11,597,4.5,02-01-2009 01:15
11,608,3.5,02-01-2009 01:14
11,610,4,01-01-2009 23:52
11,611,3.5,01-01-2009 05:30
11,616,4,01-01-2009 04:02
11,631,2,01-01-2009 04:32
11,648,4,01-01-2009 23:48
11,653,4.5,24-08-2009 19:46
11,671,0.5,01-01-2009 04:03
11,673,5,01-01-2009 05:29
11,736,5,25-08-2009 03:28
11,741,4.5,01-01-2009 05:44
11,761,3.5,02-01-2009 00:30
11,780,5,01-01-2009 05:39
11,784,3.5,01-01-2009 23:52
11,828,4,01-01-2009 04:27
11,858,2.5,02-01-2009 01:15
11,880,5,01-01-2009 05:27
11,968,5,25-08-2009 03:15
11,1028,4,01-01-2009 23:52
11,1029,3.5,01-01-2009 23:51
11,1032,4,01-01-2009 04:30
11,1036,4,02-01-2009 01:16
11,1046,4.5,24-08-2009 20:02
11,1064,3,01-01-2009 04:29
11,1073,5,01-01-2009 23:48
11,1077,0.5,01-01-2009 04:03
11,1093,3,01-01-2009 04:02
11,1097,4.5,01-01-2009 05:43
11,1136,4.5,01-01-2009 23:48
11,1168,4.5,01-01-2009 04:59
11,1169,1.5,01-01-2009 04:37
11,1196,5,01-01-2009 05:26
11,1197,4,02-01-2009 01:16
11,1198,4,02-01-2009 01:14
11,1200,5,01-01-2009 04:31
11,1210,4.5,02-01-2009 01:13
11,1213,1.5,01-01-2009 23:48
11,1214,5,01-01-2009 04:30
11,1215,3,01-01-2009 04:51
11,1225,5,01-01-2009 04:34
11,1240,5,01-01-2009 05:47
11,1253,4,01-01-2009 05:43
11,1255,4,01-01-2009 05:00
11,1270,5,01-01-2009 04:58
11,1274,5,01-01-2009 04:29
11,1291,4.5,02-01-2009 01:16
11,1320,5,01-01-2009 04:31
11,1321,4,01-01-2009 04:41
11,1339,5,01-01-2009 23:51
11,1367,3.5,01-01-2009 04:11
11,1387,4,02-01-2009 01:19
11,1391,4,25-08-2009 03:22
11,1432,1,02-01-2009 00:48
11,1527,4.5,02-01-2009 01:17
11,1544,5,01-01-2009 05:33
11,1580,5,01-01-2009 05:45
11,1584,4,01-01-2009 05:43
11,1591,5,01-01-2009 04:05
11,1653,5,01-01-2009 05:44
11,1676,4.5,01-01-2009 05:56
11,1688,3,01-01-2009 04:44
11,1690,5,01-01-2009 05:34
11,1721,4,02-01-2009 01:16
11,1748,5,01-01-2009 05:43
11,1862,1,01-01-2009 05:48
11,1876,4.5,01-01-2009 05:33
11,1882,4,01-01-2009 05:27
11,1917,5,01-01-2009 04:51
11,1961,3.5,02-01-2009 01:17
11,1977,0.5,02-01-2009 00:47
11,1982,1,01-01-2009 04:04
11,2004,4.5,02-01-2009 00:25
11,2011,5,01-01-2009 04:58
11,2012,5,01-01-2009 04:58
11,2018,4,01-01-2009 05:01
11,2023,2,01-01-2009 23:50
11,2028,5,02-01-2009 00:47
11,2042,4,02-01-2009 00:47
11,2105,4.5,01-01-2009 05:56
11,2107,0.5,02-01-2009 00:47
11,2123,2.5,01-01-2009 04:32
11,2124,3.5,01-01-2009 04:23
11,2134,5,01-01-2009 05:56
11,2140,5,01-01-2009 04:02
11,2143,3,02-01-2009 00:25
11,2153,3.5,01-01-2009 04:56
11,2232,4.5,01-01-2009 05:43
11,2240,4.5,02-01-2009 00:47
11,2291,5,01-01-2009 23:50
11,2294,3.5,01-01-2009 04:48
11,2313,4.5,01-01-2009 04:04
11,2355,4,01-01-2009 23:50
11,2378,3,02-01-2009 00:24
11,2396,4.5,02-01-2009 01:17
11,2420,3,02-01-2009 19:07
11,2428,5,01-01-2009 04:04
11,2455,5,25-08-2009 03:14
11,2571,5,01-01-2009 05:25
11,2572,5,01-01-2009 04:10
11,2600,5,01-01-2009 04:05
11,2628,4.5,02-01-2009 01:16
11,2641,3,01-01-2009 05:56
11,2642,4,01-01-2009 05:49
11,2683,0.5,01-01-2009 04:55
11,2688,3.5,01-01-2009 04:04
11,2706,4,01-01-2009 04:38
11,2716,5,01-01-2009 05:44
11,2717,4.5,01-01-2009 05:35
11,2720,4,01-01-2009 23:58
11,2722,4.5,01-01-2009 04:03
11,2761,4.5,01-01-2009 05:45
11,2762,5,25-08-2009 03:28
11,2793,5,01-01-2009 04:42
11,2810,3.5,02-01-2009 01:24
11,2827,4,01-01-2009 04:53
11,2840,4,01-01-2009 23:57
11,2858,5,01-01-2009 04:37
11,2916,5,01-01-2009 05:47
11,2959,4.5,02-01-2009 00:46
11,2985,3.5,25-08-2009 03:24
11,2990,0.5,01-01-2009 23:56
11,3000,5,02-01-2009 01:24
11,3033,4,01-01-2009 05:57
11,3054,4,01-01-2009 05:48
11,3083,3.5,24-08-2009 19:59
11,3113,5,01-01-2009 04:05
11,3114,5,01-01-2009 23:48
11,3159,5,02-01-2009 01:25
11,3213,3,02-01-2009 01:25
11,3247,4.5,01-01-2009 23:55
11,3269,5,01-01-2009 05:54
11,3300,4,01-01-2009 05:41
11,3396,0.5,01-01-2009 04:03
11,3438,4.5,01-01-2009 05:54
11,3525,5,01-01-2009 04:58
11,3527,4.5,01-01-2009 05:46
11,3535,2,01-01-2009 04:41
11,3578,4.5,02-01-2009 01:16
11,3697,4.5,01-01-2009 05:52
11,3702,4,01-01-2009 05:45
11,3703,3,01-01-2009 05:46
11,3704,3.5,01-01-2009 05:55
11,3745,4.5,01-01-2009 05:39
11,3752,3.5,01-01-2009 23:50
11,3753,5,24-08-2009 19:49
11,3793,5,01-01-2009 05:48
11,3826,3.5,01-01-2009 05:27
11,3863,3.5,01-01-2009 23:50
11,3864,4,25-08-2009 03:19
11,3892,4,01-01-2009 04:44
11,3897,4,01-01-2009 04:33
11,3969,5,01-01-2009 23:55
11,3980,4,01-01-2009 23:55
11,3988,4,01-01-2009 23:55
11,3991,3,01-01-2009 04:11
11,3994,5,25-08-2009 03:17
11,4006,2,01-01-2009 05:56
11,4015,2,01-01-2009 05:50
11,4052,2.5,01-01-2009 04:48
11,4054,4,01-01-2009 23:54
11,4105,2,01-01-2009 23:54
11,4133,3.5,01-01-2009 05:28
11,4226,5,12-01-2011 01:35
11,4232,2.5,01-01-2009 23:54
11,4235,5,01-01-2009 04:43
11,4246,3,01-01-2009 23:50
11,4262,2,01-01-2009 23:50
11,4299,5,01-01-2009 23:54
11,4306,4.5,02-01-2009 01:17
11,4340,4,01-01-2009 04:46
11,4343,3,01-01-2009 05:30
11,4366,4.5,01-01-2009 04:54
11,4370,5,01-01-2009 04:19
11,4388,5,01-01-2009 23:54
11,4446,4.5,01-01-2009 05:55
11,4492,4,25-08-2009 03:23
11,4533,3.5,01-01-2009 05:56
11,4571,5,25-08-2009 03:22
11,4638,5,01-01-2009 05:30
11,4643,4.5,01-01-2009 04:02
11,4718,3,01-01-2009 04:38
11,4792,4,01-01-2009 04:11
11,4850,3,01-01-2009 05:34
11,4868,2.5,01-01-2009 05:21
11,4878,5,01-01-2009 05:25
11,4887,5,01-01-2009 05:31
11,4896,5,02-01-2009 01:19
11,4973,3.5,02-01-2009 18:16
11,4974,4.5,02-01-2009 00:43
11,4993,5,01-01-2009 23:47
11,4995,4,02-01-2009 18:16
11,5046,4.5,01-01-2009 05:54
11,5151,4,01-01-2009 04:17
11,5152,4.5,02-01-2009 18:15
11,5171,5,01-01-2009 05:30
11,5219,5,01-01-2009 05:34
11,5220,3,02-01-2009 00:40
11,5225,4,24-08-2009 20:00
11,5266,4.5,01-01-2009 23:54
11,5283,4,02-01-2009 00:40
11,5299,4.5,01-01-2009 23:49
11,5323,3,01-01-2009 05:26
11,5349,5,01-01-2009 05:46
11,5377,5,01-01-2009 04:20
11,5378,4.5,01-01-2009 05:55
11,5400,3.5,01-01-2009 23:54
11,5444,4.5,25-08-2009 03:08
11,5445,4.5,01-01-2009 05:45
11,5459,5,01-01-2009 05:31
11,5463,4.5,01-01-2009 05:53
11,5502,4.5,01-01-2009 05:57
11,5618,4.5,01-01-2009 23:49
11,5669,5,01-01-2009 23:49
11,5782,4,01-01-2009 23:54
11,5816,5,01-01-2009 23:49
11,5882,5,25-08-2009 03:22
11,5903,5,01-01-2009 05:43
11,5952,5,02-01-2009 01:17
11,5971,5,12-01-2011 01:36
11,6016,5,02-01-2009 01:19
11,6094,4,01-01-2009 05:32
11,6250,5,25-08-2009 03:18
11,6264,2.5,01-01-2009 05:50
11,6281,5,01-01-2009 23:54
11,6283,2.5,01-01-2009 05:43
11,6287,1,01-01-2009 04:46
11,6291,5,12-01-2011 01:35
11,6294,4,25-08-2009 03:20
11,6333,5,01-01-2009 05:48
11,6365,5,01-01-2009 05:41
11,6377,5,01-01-2009 23:49
11,6378,3.5,02-01-2009 01:19
11,6383,3,01-01-2009 04:13
11,6502,5,01-01-2009 04:16
11,6503,3.5,01-01-2009 23:54
11,6534,4,01-01-2009 05:53
11,6537,3.5,01-01-2009 05:54
11,6539,5,01-01-2009 23:49
11,6541,4,01-01-2009 05:29
11,6548,2.5,01-01-2009 04:59
11,6586,3,01-01-2009 04:41
11,6624,2,01-01-2009 04:28
11,6659,4.5,01-01-2009 05:56
11,6711,2,01-01-2009 23:49
11,6731,4.5,25-08-2009 03:12
11,6795,2.5,01-01-2009 05:29
11,6863,5,01-01-2009 23:49
11,6874,4,01-01-2009 23:49
11,6934,5,01-01-2009 05:39
11,6953,4.5,01-01-2009 23:54
11,6979,5,25-08-2009 03:17
11,6996,4,02-01-2009 00:39
11,7022,4.5,01-01-2009 05:42
11,7099,4.5,01-01-2009 05:25
11,7153,5,12-01-2011 01:35
11,7163,4.5,01-01-2009 05:53
11,7173,4.5,01-01-2009 04:34
11,7254,5,01-01-2009 05:42
11,7293,4.5,01-01-2009 04:18
11,7345,2,01-01-2009 04:28
11,7361,5,01-01-2009 05:25
11,7439,3.5,02-01-2009 00:39
11,7444,5,01-01-2009 04:12
11,7458,4.5,02-01-2009 18:15
11,7481,5,01-01-2009 05:43
11,7541,4.5,01-01-2009 04:10
11,7845,4,01-01-2009 05:51
11,7846,3.5,01-01-2009 05:50
11,8169,5,01-01-2009 04:10
11,8361,4.5,01-01-2009 05:32
11,8368,4,02-01-2009 01:19
11,8371,4.5,01-01-2009 05:54
11,8578,2,01-01-2009 05:37
11,8622,3.5,01-01-2009 23:49
11,8636,4.5,01-01-2009 05:46
11,8640,4,02-01-2009 00:38
11,8641,3,01-01-2009 04:44
11,8644,5,01-01-2009 05:41
11,8800,2,01-01-2009 05:39
11,8810,5,01-01-2009 04:19
11,8861,2.5,01-01-2009 05:30
11,8865,4,01-01-2009 05:55
11,8870,4.5,01-01-2009 05:51
11,8907,4,02-01-2009 00:38
11,8965,5,02-01-2009 00:37
11,8972,4.5,24-08-2009 19:53
11,8973,5,01-01-2009 04:59
11,8977,3.5,01-01-2009 04:30
11,26462,3,01-01-2009 04:59
11,26509,5,25-08-2009 03:05
11,26887,3.5,25-08-2009 03:07
11,26913,4.5,24-08-2009 19:55
11,27311,3,24-08-2009 19:41
11,27338,2,02-01-2009 01:12
11,27368,4,01-01-2009 04:53
11,27441,5,24-08-2009 19:44
11,27608,5,01-01-2009 05:37
11,27660,5,01-01-2009 04:46
11,27728,4.5,01-01-2009 05:44
11,27793,0.5,25-08-2009 03:18
11,27865,1,01-01-2009 04:56
11,27904,5,01-01-2009 05:46
11,30707,5,12-01-2011 01:36
11,30793,5,01-01-2009 23:53
11,30812,4,01-01-2009 04:56
11,31184,5,01-01-2009 04:50
11,31429,5,01-01-2009 04:31
11,31553,4,01-01-2009 05:26
11,31555,5,01-01-2009 05:49
11,31658,5,01-01-2009 05:25
11,31660,4.5,25-08-2009 03:22
11,31878,5,01-01-2009 23:53
11,32031,3.5,01-01-2009 05:55
11,32213,4.5,01-01-2009 05:33
11,33085,5,01-01-2009 04:43
11,33166,4.5,02-01-2009 18:17
11,33493,5,02-01-2009 18:15
11,33585,5,01-01-2009 04:19
11,33660,4,02-01-2009 18:17
11,33679,4.5,01-01-2009 23:53
11,33794,4,02-01-2009 18:16
11,34048,5,01-01-2009 05:41
11,34150,4,01-01-2009 05:51
11,34319,4,01-01-2009 05:40
11,34334,0.5,01-01-2009 05:28
11,34338,4,01-01-2009 04:51
11,34542,5,12-01-2011 01:33
11,35836,5,01-01-2009 04:18
11,36401,4,02-01-2009 00:37
11,36509,3.5,01-01-2009 05:27
11,36931,4.5,24-08-2009 19:49
11,37380,2,01-01-2009 05:26
11,37386,1.5,01-01-2009 04:27
11,37830,5,01-01-2009 05:40
11,39446,1.5,02-01-2009 00:37
11,40339,3,01-01-2009 05:51
11,41566,4.5,02-01-2009 18:16
11,41569,5,12-01-2011 01:30
11,41571,5,02-01-2009 00:37
11,42718,3.5,01-01-2009 05:43
11,43419,2,01-01-2009 05:01
11,43556,5,01-01-2009 04:46
11,43928,2.5,01-01-2009 05:48
11,43932,3.5,25-08-2009 03:06
11,43936,2.5,01-01-2009 04:13
11,44189,1.5,01-01-2009 04:53
11,44191,4,25-08-2009 03:17
11,44225,0.5,01-01-2009 04:50
11,44731,5,25-08-2009 03:19
11,44828,0.5,01-01-2009 05:56
11,44849,4.5,01-01-2009 05:46
11,45361,5,01-01-2009 04:38
11,45499,5,01-01-2009 05:40
11,45722,4.5,01-01-2009 23:53
11,46530,3,01-01-2009 05:57
11,46578,5,12-01-2011 01:35
11,47124,3.5,01-01-2009 04:47
11,48304,5,01-01-2009 04:49
11,48394,4.5,01-01-2009 23:53
11,48516,4.5,12-01-2011 01:33
11,48738,4,12-01-2011 01:35
11,48774,4,12-01-2011 01:32
11,48943,1,01-01-2009 05:34
11,49205,4.5,01-01-2009 05:31
11,49278,4.5,01-01-2009 05:43
11,50162,3.5,01-01-2009 04:52
11,50442,3,01-01-2009 04:34
11,50872,4.5,01-01-2009 23:53
11,51412,4,01-01-2009 05:52
11,51662,5,01-01-2009 04:17
11,51666,3,01-01-2009 04:20
11,51698,3.5,25-08-2009 03:08
11,52281,4,01-01-2009 05:44
11,52287,3.5,01-01-2009 05:39
11,52328,5,25-08-2009 03:16
11,52722,4.5,01-01-2009 05:38
11,52885,4.5,01-01-2009 05:45
11,53000,5,01-01-2009 04:16
11,53125,4,24-08-2009 19:53
11,53464,4.5,01-01-2009 05:30
11,53953,4.5,01-01-2009 04:12
11,53996,4.5,25-08-2009 03:05
11,54001,5,01-01-2009 23:53
11,54278,3,01-01-2009 05:31
11,54771,4.5,01-01-2009 05:51
11,54995,4,25-08-2009 03:15
11,55190,4,24-08-2009 19:53
11,55232,3,01-01-2009 05:30
11,55282,2,01-01-2009 04:17
11,55603,3,02-01-2009 18:16
11,55999,4.5,24-08-2009 19:47
11,56003,1,01-01-2009 05:32
11,56145,5,25-08-2009 03:14
11,56174,5,01-01-2009 05:59
11,56251,3,01-01-2009 05:44
11,56757,5,02-01-2009 00:37
11,56801,5,01-01-2009 04:20
11,56949,4,01-01-2009 04:16
11,57223,1.5,01-01-2009 05:29
11,57368,3.5,01-01-2009 05:42
11,57509,3.5,02-01-2009 18:16
11,57640,4.5,01-01-2009 05:44
11,57949,5,12-01-2011 01:08
11,58025,3,01-01-2009 05:51
11,58293,4.5,01-01-2009 04:10
11,58559,5,02-01-2009 18:17
11,58652,5,01-01-2009 05:39
11,59014,2,01-01-2009 05:28
11,59315,5,01-01-2009 05:45
11,59376,0.5,24-08-2009 19:57
11,59418,5,01-01-2009 04:37
11,59615,2.5,24-08-2009 19:46
11,60037,5,01-01-2009 05:27
11,60040,4,01-01-2009 05:40
11,60069,5,01-01-2009 05:26
11,60161,2,01-01-2009 05:44
11,60514,3.5,01-01-2009 05:32
11,60516,3,01-01-2009 05:53
11,60524,4,01-01-2009 04:55
11,60684,5,25-08-2009 03:17
11,60760,4.5,01-01-2009 05:32
11,60832,4.5,01-01-2009 22:56
11,61248,1.5,25-08-2009 03:20
11,61465,3,01-01-2009 05:21
11,62265,4,24-08-2009 19:42
11,62956,2,25-08-2009 03:22
11,63859,4.5,24-08-2009 19:49
11,64034,4.5,24-08-2009 20:03
11,64497,5,25-08-2009 03:19
11,64508,0.5,25-08-2009 03:18
11,64614,4,12-01-2011 01:33
11,64997,5,25-08-2009 03:20
11,64999,0.5,02-01-2009 01:12
11,65037,3,02-01-2009 01:12
11,65514,4,12-01-2011 01:34
11,66171,4.5,25-08-2009 03:08
11,66297,3,25-08-2009 03:14
11,67197,4,25-08-2009 03:21
11,67295,4,24-08-2009 19:46
11,67365,3.5,12-01-2011 01:27
11,67799,0.5,25-08-2009 03:07
11,67867,2.5,25-08-2009 03:19
11,68263,0.5,24-08-2009 19:56
11,68319,5,25-08-2009 03:08
11,69526,5,25-08-2009 03:21
11,69945,4.5,12-01-2011 01:09
11,70227,2.5,15-08-2009 04:53
11,70305,0.5,15-08-2009 04:53
11,71282,5,12-01-2011 01:33
11,72641,5,12-01-2011 01:31
11,82095,1,12-01-2011 01:08
12,1,4,22-03-1997 20:48
12,3,3,22-03-1997 20:49
12,5,2,22-03-1997 20:49
12,6,3,22-03-1997 20:49
12,7,3,22-03-1997 20:49
12,17,3,22-03-1997 20:48
12,32,3,22-03-1997 20:48
12,34,4,22-03-1997 20:53
12,36,4,22-03-1997 20:49
12,95,3,22-03-1997 20:48
12,104,4,22-03-1997 20:50
12,110,4,22-03-1997 20:54
12,208,3,22-03-1997 20:53
12,231,3,22-03-1997 20:54
12,260,4,22-03-1997 20:50
12,344,4,22-03-1997 20:53
12,356,4,22-03-1997 20:53
12,364,4,22-03-1997 20:54
12,376,3,22-03-1997 20:50
12,380,4,22-03-1997 20:53
12,480,3,22-03-1997 20:54
12,494,3,22-03-1997 20:49
12,527,4,22-03-1997 20:54
12,585,3,22-03-1997 20:54
12,589,4,22-03-1997 20:53
12,590,3,22-03-1997 20:53
12,595,4,22-03-1997 20:54
12,608,5,22-03-1997 20:49
12,648,3,22-03-1997 20:48
12,653,4,22-03-1997 20:50
12,733,4,22-03-1997 20:49
12,736,3,22-03-1997 20:48
12,780,3,22-03-1997 20:48
12,784,4,22-03-1997 20:50
12,786,4,22-03-1997 20:49
12,788,4,22-03-1997 20:50
13,1,4,27-11-1996 08:21
13,2,3,27-11-1996 08:19
13,10,3,27-11-1996 08:14
13,11,4,27-11-1996 08:18
13,19,3,27-11-1996 08:16
13,32,5,27-11-1996 08:16
13,34,1,27-11-1996 08:15
13,39,3,27-11-1996 08:16
13,47,5,27-11-1996 08:15
13,95,4,27-11-1996 08:21
13,110,5,27-11-1996 08:14
13,150,5,27-11-1996 08:12
13,153,3,27-11-1996 08:13
13,160,4,27-11-1996 08:17
13,161,5,27-11-1996 08:14
13,165,3,27-11-1996 08:13
13,173,3,27-11-1996 08:18
13,185,4,27-11-1996 08:14
13,225,4,27-11-1996 08:16
13,231,3,27-11-1996 08:13
13,236,3,27-11-1996 08:21
13,253,5,27-11-1996 08:14
13,266,5,27-11-1996 08:17
13,282,3,27-11-1996 08:19
13,292,5,27-11-1996 08:14
13,296,5,27-11-1996 08:12
13,300,2,27-11-1996 08:15
13,315,4,27-11-1996 08:19
13,316,3,27-11-1996 08:13
13,317,3,27-11-1996 08:17
13,318,5,27-11-1996 08:14
13,339,3,27-11-1996 08:14
13,344,3,27-11-1996 08:13
13,349,3,27-11-1996 08:13
13,350,4,27-11-1996 08:17
13,356,5,27-11-1996 08:13
13,357,3,27-11-1996 08:16
13,364,3,27-11-1996 08:15
13,367,4,27-11-1996 08:15
13,377,4,27-11-1996 08:14
13,380,2,27-11-1996 08:12
13,410,3,27-11-1996 08:15
13,420,4,27-11-1996 08:16
13,432,3,27-11-1996 08:18
13,434,4,27-11-1996 08:14
13,435,4,27-11-1996 08:18
13,442,4,27-11-1996 08:19
13,457,5,27-11-1996 08:13
13,474,4,27-11-1996 08:18
13,480,3,27-11-1996 08:14
13,500,5,27-11-1996 08:15
13,508,5,27-11-1996 08:21
13,509,4,27-11-1996 08:19
13,527,5,27-11-1996 08:16
13,539,3,27-11-1996 08:16
13,553,5,27-11-1996 08:21
13,588,1,27-11-1996 08:13
13,589,4,27-11-1996 08:14
13,590,4,27-11-1996 08:12
13,592,3,27-11-1996 08:12
13,595,2,27-11-1996 08:13
13,597,5,27-11-1996 08:15
14,1,4.5,29-10-2008 20:13
14,7,3.5,29-10-2008 22:44
14,17,5,29-10-2008 19:37
14,34,3,29-10-2008 22:38
14,62,4,29-10-2008 22:41
14,150,5,29-10-2008 20:08
14,252,4,29-10-2008 22:46
14,260,4,29-10-2008 20:19
14,277,4,29-10-2008 19:52
14,314,4,29-10-2008 20:26
14,316,3,29-10-2008 22:38
14,339,4.5,29-10-2008 21:44
14,344,2,29-10-2008 22:37
14,356,4,29-10-2008 20:16
14,364,4.5,29-10-2008 21:46
14,368,4.5,29-10-2008 22:43
14,440,4.5,29-10-2008 22:42
14,452,4.5,29-10-2008 19:47
14,457,3.5,29-10-2008 20:14
14,468,3.5,29-10-2008 22:49
14,471,5,29-10-2008 19:32
14,480,4,29-10-2008 22:37
14,497,4.5,29-10-2008 20:11
14,500,2,29-10-2008 22:38
14,520,2,29-10-2008 22:44
14,529,5,29-10-2008 20:14
14,534,4,29-10-2008 20:15
14,539,1.5,29-10-2008 19:47
14,551,2,29-10-2008 19:52
14,552,3.5,29-10-2008 22:45
14,586,2.5,29-10-2008 22:39
14,587,2.5,29-10-2008 22:38
14,588,4,29-10-2008 22:37
14,594,3.5,29-10-2008 22:43
14,595,4.5,29-10-2008 20:05
14,728,4.5,29-10-2008 20:16
14,745,4,29-10-2008 20:10
14,780,3,29-10-2008 19:36
14,783,3,29-10-2008 22:46
14,802,3,29-10-2008 22:45
14,838,4,29-10-2008 20:22
14,898,4.5,29-10-2008 20:57
14,899,3.5,29-10-2008 21:01
14,902,3,29-10-2008 22:47
14,910,2,29-10-2008 19:52
14,911,4,29-10-2008 21:02
14,924,3.5,29-10-2008 22:41
14,927,3.5,29-10-2008 19:52
14,951,3.5,29-10-2008 19:41
14,953,3.5,29-10-2008 21:05
14,954,4.5,29-10-2008 19:41
14,955,4.5,29-10-2008 21:04
14,1010,3.5,29-10-2008 19:41
14,1013,3.5,29-10-2008 19:59
14,1020,3,29-10-2008 19:34
14,1022,4,29-10-2008 21:14
14,1023,4.5,29-10-2008 21:06
14,1028,3,29-10-2008 19:32
14,1042,3.5,29-10-2008 19:33
14,1073,3,29-10-2008 22:38
14,1097,3.5,29-10-2008 22:38
14,1101,3,29-10-2008 22:42
14,1136,4,29-10-2008 21:02
14,1148,5,29-10-2008 19:38
14,1177,3.5,29-10-2008 20:17
14,1196,4,29-10-2008 20:19
14,1197,4.5,29-10-2008 20:18
14,1198,3,29-10-2008 20:56
14,1204,4.5,29-10-2008 19:38
14,1207,5,29-10-2008 19:52
14,1210,4,29-10-2008 22:37
14,1228,1,29-10-2008 21:27
14,1243,5,29-10-2008 20:16
14,1246,4.5,29-10-2008 20:16
14,1262,4.5,29-10-2008 19:51
14,1265,4.5,29-10-2008 22:38
14,1269,4.5,29-10-2008 19:34
14,1270,4,29-10-2008 20:14
14,1271,4,29-10-2008 22:48
14,1282,3.5,29-10-2008 22:46
14,1291,4,29-10-2008 19:36
14,1302,3,29-10-2008 20:25
14,1396,5,29-10-2008 19:32
14,1441,2.5,29-10-2008 19:35
14,1580,3.5,29-10-2008 22:38
14,1610,4.5,29-10-2008 20:08
14,1682,4.5,29-10-2008 19:38
14,1689,5,29-10-2008 21:17
14,1721,2,29-10-2008 19:46
14,1947,4,29-10-2008 19:33
14,1954,2.5,29-10-2008 22:45
14,1957,4.5,29-10-2008 20:16
14,1962,2.5,29-10-2008 19:33
14,2009,1,29-10-2008 19:40
14,2010,3.5,29-10-2008 21:56
14,2012,4,29-10-2008 19:51
14,2018,3,29-10-2008 20:05
14,2046,3,29-10-2008 19:58
14,2049,3,29-10-2008 21:13
14,2054,2.5,29-10-2008 19:51
14,2059,4.5,29-10-2008 21:45
14,2078,4,29-10-2008 19:51
14,2081,3,29-10-2008 19:51
14,2083,4,29-10-2008 20:17
14,2087,3.5,29-10-2008 19:58
14,2094,4,29-10-2008 19:50
14,2100,3,29-10-2008 21:42
14,2105,3.5,29-10-2008 19:33
14,2115,3.5,29-10-2008 22:42
14,2125,4.5,29-10-2008 19:58
14,2150,4.5,29-10-2008 20:51
14,2161,3.5,29-10-2008 22:48
14,2174,3,29-10-2008 19:37
14,2193,3.5,29-10-2008 19:37
14,2294,3.5,29-10-2008 19:50
14,2324,4.5,29-10-2008 20:14
14,2355,3.5,29-10-2008 22:42
14,2394,5,29-10-2008 19:35
14,2405,3,29-10-2008 19:35
14,2406,3,29-10-2008 19:37
14,2414,4,29-10-2008 19:40
14,2420,3,29-10-2008 19:37
14,2424,3,29-10-2008 19:33
14,2470,3,29-10-2008 19:32
14,2501,4.5,29-10-2008 20:13
14,2559,1,29-10-2008 19:57
14,2571,3,29-10-2008 21:13
14,2628,2.5,29-10-2008 22:38
14,2687,4.5,29-10-2008 19:57
14,2716,3.5,29-10-2008 19:36
14,2724,4.5,29-10-2008 22:49
14,2761,4,29-10-2008 21:06
14,2791,2.5,29-10-2008 19:50
14,2797,3.5,29-10-2008 21:40
14,2804,3.5,29-10-2008 22:46
14,2918,3,29-10-2008 22:42
14,2966,3.5,29-10-2008 19:40
14,2987,3,29-10-2008 22:41
14,3033,3,29-10-2008 22:47
14,3088,4.5,29-10-2008 20:59
14,3097,4,29-10-2008 20:59
14,3114,4.5,29-10-2008 19:36
14,3156,3,29-10-2008 19:40
14,3175,4.5,29-10-2008 22:45
14,3269,2.5,29-10-2008 19:56
14,3347,3,29-10-2008 21:22
14,3360,4,29-10-2008 20:21
14,3396,4,29-10-2008 19:40
14,3397,4,29-10-2008 19:40
14,3471,4,29-10-2008 19:37
14,3512,4.5,29-10-2008 19:56
14,3548,3.5,29-10-2008 21:15
14,3675,4,29-10-2008 21:51
14,3723,4,29-10-2008 19:43
14,3751,4.5,29-10-2008 19:37
14,3809,4,29-10-2008 22:40
14,3916,4,29-10-2008 20:16
14,4022,4.5,29-10-2008 21:42
14,4027,3.5,29-10-2008 21:32
14,4306,3.5,29-10-2008 20:15
14,4366,3.5,29-10-2008 20:04
14,4499,3.5,29-10-2008 19:55
14,4535,4,29-10-2008 20:15
14,4886,4.5,29-10-2008 21:07
14,4896,4,29-10-2008 22:45
14,4921,4.5,29-10-2008 21:15
14,4995,5,29-10-2008 20:09
14,5066,4,29-10-2008 21:37
14,5218,4,29-10-2008 20:09
14,5267,4,29-10-2008 20:24
14,5299,4.5,29-10-2008 19:49
14,5303,4,29-10-2008 21:42
14,5309,2.5,29-10-2008 20:03
14,5349,2.5,29-10-2008 20:26
14,5380,4.5,29-10-2008 20:09
14,5470,4,29-10-2008 21:01
14,5602,3,29-10-2008 21:01
14,5620,4,29-10-2008 19:39
14,5629,4.5,29-10-2008 21:53
14,5667,4,29-10-2008 19:49
14,5747,3.5,29-10-2008 20:02
14,5957,4.5,29-10-2008 20:06
14,6297,5,29-10-2008 20:26
14,6358,3.5,29-10-2008 20:16
14,6377,4.5,29-10-2008 21:06
14,6424,5,29-10-2008 20:04
14,6533,4,29-10-2008 20:24
14,6550,4,29-10-2008 19:43
14,6639,3,29-10-2008 20:29
14,6662,3.5,29-10-2008 21:15
14,6753,5,29-10-2008 19:43
14,6776,4.5,29-10-2008 20:14
14,6863,1,29-10-2008 21:33
14,6936,3.5,29-10-2008 19:54
14,6979,3.5,29-10-2008 21:38
14,7075,4,29-10-2008 19:48
14,7161,4,29-10-2008 19:42
14,7263,4.5,29-10-2008 20:02
14,7395,4,29-10-2008 21:06
14,8039,4,29-10-2008 20:58
14,8360,4.5,29-10-2008 20:09
14,8376,3.5,29-10-2008 19:39
14,8529,3.5,29-10-2008 21:39
14,8574,4,29-10-2008 21:02
14,8580,4,29-10-2008 21:06
14,8633,3.5,29-10-2008 20:01
14,8695,4,29-10-2008 20:01
14,8884,3,29-10-2008 21:42
14,8961,4,29-10-2008 19:32
14,8965,4.5,29-10-2008 20:01
14,8970,4,29-10-2008 19:54
14,8984,3.5,29-10-2008 19:54
14,25752,4,29-10-2008 20:10
14,26084,4,29-10-2008 19:48
14,26133,4,29-10-2008 20:10
14,26294,4,29-10-2008 20:25
14,27706,4.5,29-10-2008 19:39
14,31658,4,29-10-2008 21:08
14,36401,1.5,29-10-2008 20:01
14,36525,4.5,29-10-2008 20:24
14,37739,4,29-10-2008 20:13
14,38038,3.5,29-10-2008 21:04
14,40339,4,29-10-2008 20:06
14,40629,4.5,29-10-2008 21:10
14,41566,4.5,29-10-2008 20:15
14,44022,4,29-10-2008 20:00
14,44709,5,29-10-2008 20:08
14,45431,5,29-10-2008 19:42
14,45517,4.5,29-10-2008 20:24
14,45668,3.5,29-10-2008 21:44
14,46062,3.5,29-10-2008 22:50
14,46976,4.5,29-10-2008 20:19
14,48982,4,29-10-2008 20:25
14,50160,4.5,29-10-2008 20:20
14,50872,4.5,29-10-2008 19:53
14,51471,5,29-10-2008 20:08
14,52287,5,29-10-2008 20:05
14,53464,2.5,29-10-2008 19:47
14,54004,1,29-10-2008 19:53
14,55267,3,29-10-2008 20:16
14,56915,3.5,29-10-2008 21:04
14,60069,5,29-10-2008 20:11
14,60487,4,29-10-2008 21:35
15,10,2,16-08-1996 14:57
15,11,3,16-08-1996 14:58
15,14,2,16-08-1996 14:56
15,17,3,16-08-1996 14:47
15,21,3,16-08-1996 14:47
15,34,4,16-08-1996 14:47
15,36,3,16-08-1996 14:58
15,39,3,16-08-1996 14:50
15,50,3,16-08-1996 15:00
15,141,3,16-08-1996 14:56
15,150,4,16-08-1996 14:44
15,153,2,16-08-1996 14:45
15,161,3,16-08-1996 14:46
15,165,2,16-08-1996 14:45
15,231,3,16-08-1996 14:45
15,246,4,16-08-1996 14:58
15,296,3,16-08-1996 14:44
15,300,3,16-08-1996 15:01
15,318,3,16-08-1996 14:46
15,326,3,16-08-1996 14:56
15,329,3,16-08-1996 14:46
15,344,3,16-08-1996 14:45
15,349,3,16-08-1996 14:45
15,356,5,16-08-1996 14:50
15,364,4,16-08-1996 15:00
15,377,3,16-08-1996 15:00
15,380,3,16-08-1996 14:44
15,434,2,16-08-1996 14:46
15,440,3,16-08-1996 15:01
15,457,4,16-08-1996 14:45
15,474,4,16-08-1996 14:57
15,480,3,16-08-1996 14:50
15,497,3,16-08-1996 15:02
15,500,3,16-08-1996 14:57
15,508,3,16-08-1996 14:58
15,515,4,16-08-1996 15:02
15,527,5,16-08-1996 14:57
15,534,3,16-08-1996 15:02
15,539,4,16-08-1996 15:01
15,586,3,16-08-1996 14:56
15,588,3,16-08-1996 14:45
15,590,3,16-08-1996 14:44
15,592,3,16-08-1996 14:44
15,593,3,16-08-1996 14:45
15,594,4,16-08-1996 15:01
15,595,3,16-08-1996 14:45
15,596,4,16-08-1996 15:02
15,608,4,16-08-1996 14:57
15,780,3,16-08-1996 15:00
16,1,3,27-05-2001 13:22
16,6,3,27-05-2001 13:18
16,39,4,27-05-2001 13:26
16,122,4,27-05-2001 13:28
16,223,3,27-05-2001 13:26
16,356,4,27-05-2001 13:31
16,539,3,27-05-2001 13:30
16,550,5,27-05-2001 13:27
16,587,5,27-05-2001 13:31
16,915,3,27-05-2001 13:22
16,916,5,27-05-2001 13:28
16,934,4,27-05-2001 13:22
16,1060,3,27-05-2001 13:27
16,1126,3,27-05-2001 13:21
16,1136,3,27-05-2001 13:21
16,1197,5,27-05-2001 13:22
16,1257,2,27-05-2001 13:27
16,1265,5,27-05-2001 13:25
16,1285,2,27-05-2001 13:23
16,1307,3,27-05-2001 13:22
16,1380,5,27-05-2001 13:28
16,1394,2,27-05-2001 13:23
16,1500,5,27-05-2001 13:31
16,1580,4,27-05-2001 13:30
16,1753,5,27-05-2001 13:31
16,1923,4,27-05-2001 13:22
16,2100,3,27-05-2001 13:28
16,2144,4,27-05-2001 13:27
16,2245,3,27-05-2001 13:31
16,2248,4,27-05-2001 13:25
16,2262,3,27-05-2001 13:19
16,2372,3,27-05-2001 13:19
16,2396,3,27-05-2001 13:19
16,2406,4,27-05-2001 13:28
16,2407,2,27-05-2001 13:29
16,2470,4,27-05-2001 13:27
16,2716,5,27-05-2001 13:22
16,2747,1,27-05-2001 13:25
16,2759,2,27-05-2001 13:26
16,2791,4,27-05-2001 13:22
16,2858,2,27-05-2001 13:22
16,2867,3,27-05-2001 13:27
16,2889,3,27-05-2001 13:30
16,2918,3,27-05-2001 13:22
16,2924,5,27-05-2001 13:24
16,2997,2,27-05-2001 13:26
16,3101,3,27-05-2001 13:19
16,3210,4,27-05-2001 13:29
16,3461,4,27-05-2001 13:19
16,3477,3,27-05-2001 13:21
16,3536,1,27-05-2001 13:30
16,3548,5,27-05-2001 13:22
16,3608,3,27-05-2001 13:26
16,3760,5,27-05-2001 13:25
16,3773,3,27-05-2001 13:24
16,3868,5,27-05-2001 13:24
16,4066,4,27-05-2001 13:21
16,4085,4,27-05-2001 13:29
16,4089,4,27-05-2001 13:29
16,4321,3,27-05-2001 13:26
17,6,4,06-01-2001 07:24
17,110,4,06-01-2001 07:24
17,377,3,06-01-2001 07:24
17,457,5,06-01-2001 07:24
17,480,3,06-01-2001 07:24
17,648,3,16-01-2001 23:05
17,1233,4,09-05-2001 21:57
17,1270,4,06-01-2001 07:18
17,1580,4,16-01-2001 23:05
17,1608,4,06-01-2001 07:15
17,1610,4,16-01-2001 23:04
17,1876,3,06-01-2001 07:24
17,2002,3,16-01-2001 23:05
17,2028,5,16-01-2001 23:04
17,2353,4,16-01-2001 23:04
17,2683,5,06-01-2001 07:16
17,3082,4,03-12-1999 13:44
17,3101,5,06-01-2001 07:18
17,3256,5,16-01-2001 23:04
17,3578,5,16-01-2001 23:03
17,3753,5,16-01-2001 23:03
17,3755,4,16-01-2001 23:03
17,3996,4,11-05-2001 01:15
17,4019,4,08-05-2001 23:07
17,4639,4,24-08-2001 22:21
17,4700,3,31-08-2001 20:43
18,186,4,28-02-2010 09:01
18,260,1,20-11-2007 15:48
18,296,4,20-11-2007 15:47
18,318,4.5,20-11-2007 15:47
18,356,4,20-11-2007 15:48
18,383,3,20-11-2007 15:40
18,426,1,20-11-2007 15:41
18,480,1.5,20-11-2007 15:47
18,527,4,20-11-2007 15:48
18,588,4,20-11-2007 15:48
18,592,3,20-11-2007 15:48
18,593,3.5,20-11-2007 15:47
18,608,4,20-11-2007 15:48
18,830,2,20-11-2007 15:39
18,858,4,06-03-2009 16:17
18,912,5,02-09-2010 11:18
18,1201,5,30-11-2007 11:53
18,1206,4,30-11-2007 11:53
18,1209,4,30-11-2007 11:49
18,1211,4.5,30-11-2007 11:47
18,1221,3.5,06-03-2009 16:17
18,1230,4.5,05-03-2009 22:46
18,1247,4,30-11-2007 11:52
18,1252,4.5,30-11-2007 11:51
18,1270,2,06-03-2009 16:21
18,1283,4,20-11-2007 15:40
18,1305,4.5,30-11-2007 11:47
18,1371,2,05-03-2009 22:50
18,1417,3,23-01-2010 23:20
18,1580,2.5,06-03-2009 16:22
18,1641,4,05-03-2009 22:38
18,1784,4,02-01-2010 19:42
18,1952,4,20-11-2007 15:39
18,1955,2.5,20-11-2007 15:41
18,1958,2,20-11-2007 15:40
18,2023,2.5,06-03-2009 16:17
18,2085,3,20-11-2007 15:39
18,2289,4,10-02-2009 22:14
18,2375,2,19-01-2010 22:39
18,2402,1,05-03-2009 22:42
18,2403,1,05-03-2009 22:42
18,2404,1,05-03-2009 22:42
18,2571,3,06-03-2009 16:18
18,2641,2.5,20-11-2007 15:39
18,2739,3,20-11-2007 15:40
18,2762,3.5,06-03-2009 16:20
18,2858,3.5,20-11-2007 15:48
18,2950,2,20-11-2007 15:42
18,2997,4,05-03-2009 22:52
18,3083,5,30-11-2007 11:51
18,3426,4,09-02-2009 19:35
18,3507,4,20-11-2007 15:42
18,3812,3.5,05-03-2009 22:46
18,3967,3.5,05-03-2009 22:47
18,4041,3,20-11-2007 15:41
18,4280,4,20-11-2007 15:42
18,4306,3,02-09-2010 11:16
18,4313,2.5,22-06-2008 11:58
18,4428,3.5,02-01-2010 19:41
18,4447,2,05-03-2009 22:43
18,4967,5,30-11-2007 11:50
18,4973,5,20-11-2007 15:51
18,4993,3,05-03-2009 22:53
18,5225,5,20-11-2007 15:52
18,5299,3,05-03-2009 22:48
18,5477,4.5,20-11-2007 15:54
18,5608,4,20-11-2007 15:53
18,5613,3.5,20-11-2007 15:55
18,5878,5,20-11-2007 15:52
18,6016,5,20-11-2007 15:51
18,6197,5,19-05-2008 17:32
18,6291,5,20-11-2007 15:53
18,6711,3.5,05-03-2009 22:52
18,6772,1,20-11-2007 15:52
18,6942,3.5,05-03-2009 22:44
18,7034,4,30-11-2007 11:50
18,7234,5,30-11-2007 11:52
18,7323,5,20-11-2007 15:52
18,7361,5,30-11-2007 11:50
18,7456,4,05-03-2009 22:34
18,7767,5,20-11-2007 15:51
18,8254,4.5,19-01-2010 22:39
18,8360,2.5,02-09-2010 11:16
18,8645,4,20-11-2007 15:51
18,8981,3,28-02-2010 09:03
18,27803,5,20-11-2007 15:51
18,30749,4,30-11-2007 11:44
18,31410,4.5,20-11-2007 15:51
18,39183,4.5,06-03-2009 16:21
18,40815,3,20-11-2007 15:40
18,41527,5,20-11-2007 15:54
18,42197,4.5,20-11-2007 15:49
18,43376,4,20-11-2007 15:51
18,44204,4,20-11-2007 15:52
18,44555,5,20-11-2007 15:51
18,44694,4,20-11-2007 15:52
18,45726,2.5,05-03-2009 22:48
18,45950,3.5,30-11-2007 11:53
18,46976,4,02-09-2010 11:16
18,51084,4,20-11-2007 15:46
18,51174,4.5,15-04-2009 20:37
18,52375,3.5,20-11-2007 15:50
18,55052,4.5,30-11-2007 11:46
18,55100,2.5,05-03-2009 22:36
18,55820,4,26-03-2008 16:50
18,56788,3.5,28-02-2008 12:14
18,57792,4,05-03-2009 22:46
18,58315,2,05-03-2009 22:44
18,59018,5,27-05-2009 22:33
18,59118,4,10-02-2009 22:21
18,59382,1,15-05-2008 15:45
18,60482,5,28-02-2010 09:02
18,60950,3,27-10-2008 21:39
18,61075,4.5,10-02-2009 22:11
18,63062,4.5,23-01-2010 23:19
18,64701,4.5,15-03-2009 11:15
18,65465,2.5,27-05-2009 22:34
18,69122,4.5,02-01-2010 19:42
18,70293,3,28-02-2010 09:01
18,71033,4.5,02-09-2010 11:15
18,78637,3,02-09-2010 11:17
19,1,5,05-02-1997 21:03
19,3,4,05-02-1997 21:04
19,6,5,05-02-1997 21:04
19,7,5,05-02-1997 21:04
19,14,4,05-02-1997 21:05
19,17,4,05-02-1997 21:03
19,25,3,05-02-1997 21:03
19,32,2,05-02-1997 21:03
19,55,3,05-02-1997 21:12
19,61,4,05-02-1997 21:08
19,62,5,05-02-1997 21:03
19,67,3,05-02-1997 21:15
19,74,4,05-02-1997 21:07
19,76,3,05-02-1997 21:08
19,79,3,05-02-1997 21:06
19,86,5,05-02-1997 21:08
19,88,4,05-02-1997 21:08
19,92,3,05-02-1997 21:08
19,95,3,05-02-1997 21:03
19,100,4,05-02-1997 21:06
19,101,3,05-02-1997 21:12
19,112,5,05-02-1997 21:04
19,135,4,05-02-1997 21:06
19,141,5,05-02-1997 21:03
19,376,4,05-02-1997 21:05
19,494,4,05-02-1997 21:04
19,608,5,05-02-1997 21:04
19,609,4,05-02-1997 21:07
19,628,4,05-02-1997 21:06
19,637,3,05-02-1997 21:06
19,648,3,05-02-1997 21:03
19,656,5,05-02-1997 21:11
19,661,3,05-02-1997 21:06
19,694,4,05-02-1997 21:09
19,707,3,05-02-1997 21:07
19,710,5,05-02-1997 21:10
19,719,3,05-02-1997 21:06
19,724,4,05-02-1997 21:07
19,725,4,05-02-1997 21:10
19,733,4,05-02-1997 21:04
19,736,4,05-02-1997 21:03
19,761,3,05-02-1997 21:07
19,780,4,05-02-1997 21:03
19,785,3,05-02-1997 21:09
19,786,4,05-02-1997 21:05
19,788,4,05-02-1997 21:05
19,802,4,05-02-1997 21:06
19,828,3,05-02-1997 21:10
19,880,3,05-02-1997 21:09
19,1073,5,05-02-1997 21:04
20,16,4,12-09-2005 15:39
20,19,2.5,12-09-2005 15:38
20,111,4.5,12-09-2005 15:44
20,235,3.5,12-09-2005 15:39
20,370,2,12-09-2005 15:44
20,442,2,12-09-2005 15:38
20,474,2,12-09-2005 15:38
20,1080,4,12-09-2005 15:39
20,1208,4.5,12-09-2005 15:39
20,1221,4,12-09-2005 15:38
20,1291,4,12-09-2005 15:44
20,1884,5,12-09-2005 15:41
20,1923,2.5,12-09-2005 15:38
20,1961,3,12-09-2005 15:38
20,1994,4,12-09-2005 15:45
20,2012,3.5,12-09-2005 15:40
20,2023,4,12-09-2005 15:43
20,2054,2.5,12-09-2005 15:43
20,2115,3.5,12-09-2005 15:40
20,2571,4,12-09-2005 15:43
20,2710,4,12-09-2005 15:39
20,2987,3,12-09-2005 15:39
20,3176,3,12-09-2005 15:43
20,3785,3,12-09-2005 15:44
20,4306,3.5,12-09-2005 15:39
20,4351,3.5,12-09-2005 15:44
20,5952,3.5,12-09-2005 15:40
20,6807,3.5,12-09-2005 15:44
21,6,4,10-06-2001 16:16
21,16,5,10-06-2001 16:22
21,32,4,10-06-2001 16:14
21,50,5,10-06-2001 16:00
21,111,4,10-06-2001 16:01
21,223,3,10-06-2001 16:24
21,235,3,10-06-2001 16:16
21,260,5,10-06-2001 16:10
21,262,4,10-06-2001 16:15
21,293,2,10-06-2001 16:15
21,296,5,10-06-2001 16:00
21,318,5,10-06-2001 16:00
21,319,3,10-06-2001 16:14
21,322,3,10-06-2001 16:07
21,337,3,10-06-2001 16:21
21,364,3,10-06-2001 16:14
21,474,4,10-06-2001 16:19
21,527,5,10-06-2001 16:03
21,541,5,10-06-2001 16:09
21,562,4,10-06-2001 16:09
21,589,4,10-06-2001 16:19
21,593,5,10-06-2001 16:09
21,594,3,10-06-2001 16:20
21,608,4,10-06-2001 16:07
21,760,3,10-06-2001 16:18
21,778,4,10-06-2001 16:09
21,858,5,10-06-2001 15:54
21,912,4,10-06-2001 16:08
21,920,3,10-06-2001 16:24
21,923,4,10-06-2001 16:01
21,924,5,10-06-2001 16:08
21,953,3,10-06-2001 16:16
21,954,3,10-06-2001 16:10
21,968,5,10-06-2001 15:54
21,1022,3,10-06-2001 16:24
21,1036,4,10-06-2001 16:16
21,1054,1,10-06-2001 16:11
21,1060,4,10-06-2001 16:24
21,1079,4,10-06-2001 16:13
21,1080,2,10-06-2001 16:12
21,1089,5,10-06-2001 16:00
21,1097,4,10-06-2001 16:18
21,1179,3,10-06-2001 16:22
21,1193,5,10-06-2001 15:55
21,1196,5,10-06-2001 16:10
21,1197,4,10-06-2001 16:11
21,1201,5,10-06-2001 16:03
21,1203,3,10-06-2001 16:11
21,1206,4,10-06-2001 16:08
21,1207,5,10-06-2001 16:01
21,1210,5,10-06-2001 16:19
21,1213,5,10-06-2001 16:09
21,1214,5,10-06-2001 16:10
21,1215,3,10-06-2001 16:14
21,1218,5,10-06-2001 16:13
21,1219,4,10-06-2001 16:00
21,1222,4,10-06-2001 16:11
21,1228,5,10-06-2001 16:03
21,1245,4,10-06-2001 16:21
21,1250,4,10-06-2001 16:01
21,1252,4,10-06-2001 15:58
21,1259,5,10-06-2001 16:08
21,1262,4,10-06-2001 16:03
21,1263,4,10-06-2001 16:12
21,1266,4,10-06-2001 16:10
21,1270,4,10-06-2001 16:19
21,1274,2,10-06-2001 16:13
21,1276,4,10-06-2001 16:07
21,1277,3,10-06-2001 16:12
21,1278,2,10-06-2001 16:14
21,1282,3,10-06-2001 16:20
21,1285,4,10-06-2001 16:20
21,1288,4,10-06-2001 16:15
21,1291,4,10-06-2001 16:20
21,1297,3,10-06-2001 16:25
21,1387,4,10-06-2001 16:14
21,1393,4,10-06-2001 16:23
21,1394,3,10-06-2001 16:13
21,1411,3,10-06-2001 16:12
21,1449,4,10-06-2001 16:25
21,1458,3,10-06-2001 16:10
21,1500,3,10-06-2001 16:24
21,1617,5,10-06-2001 16:06
21,1639,3,10-06-2001 16:24
21,1641,3,10-06-2001 16:18
21,1673,5,10-06-2001 16:08
21,1704,4,10-06-2001 16:19
21,1732,2,10-06-2001 16:18
21,1921,4,10-06-2001 16:15
21,1945,4,10-06-2001 16:00
21,1952,4,10-06-2001 16:03
21,1960,3,10-06-2001 16:23
21,1961,4,10-06-2001 16:21
21,1997,5,10-06-2001 16:14
21,2005,4,10-06-2001 16:20
21,2018,3,10-06-2001 16:24
21,2020,3,10-06-2001 15:54
21,2085,3,10-06-2001 16:19
21,2118,4,10-06-2001 16:21
21,2159,3,10-06-2001 16:21
21,2160,5,10-06-2001 16:14
21,2288,5,10-06-2001 16:17
21,2318,3,10-06-2001 16:18
21,2329,4,10-06-2001 16:08
21,2395,4,10-06-2001 16:07
21,2425,3,10-06-2001 16:10
21,2542,4,10-06-2001 16:21
21,2563,3,10-06-2001 16:23
21,2664,3,10-06-2001 16:12
21,2728,4,10-06-2001 16:07
21,2761,4,10-06-2001 16:14
21,2762,4,10-06-2001 16:11
21,2795,3,10-06-2001 16:17
21,2797,4,10-06-2001 16:18
21,2819,4,10-06-2001 16:09
21,2858,4,10-06-2001 16:01
21,2866,3,10-06-2001 15:55
21,2912,3,10-06-2001 16:16
21,2915,3,10-06-2001 16:24
21,2916,4,10-06-2001 16:23
21,2917,2,10-06-2001 16:15
21,2918,4,10-06-2001 16:13
21,2948,4,10-06-2001 16:23
21,2952,4,10-06-2001 16:22
21,2987,3,10-06-2001 16:24
21,3019,3,10-06-2001 16:14
21,3098,4,10-06-2001 16:13
21,3114,5,10-06-2001 16:10
21,3147,4,10-06-2001 16:18
21,3159,3,10-06-2001 16:18
21,3160,4,10-06-2001 16:22
21,3169,3,10-06-2001 16:19
21,3267,3,10-06-2001 16:18
21,3310,2,10-06-2001 15:56
21,3328,1,10-06-2001 16:10
21,3347,4,10-06-2001 16:12
21,3361,3,10-06-2001 16:18
21,3363,4,10-06-2001 16:22
21,3386,3,10-06-2001 16:23
21,3424,3,10-06-2001 16:11
21,3476,4,10-06-2001 16:14
21,3481,2,10-06-2001 16:14
21,3505,3,10-06-2001 16:22
21,3508,4,10-06-2001 16:12
21,3679,5,10-06-2001 16:11
21,3681,4,10-06-2001 16:25
21,3703,4,10-06-2001 16:17
21,3706,3,10-06-2001 16:23
21,3718,4,10-06-2001 16:06
21,3739,3,10-06-2001 15:57
21,3753,4,10-06-2001 16:24
21,3760,3,10-06-2001 16:24
21,3771,2,10-06-2001 16:21
21,3897,4,10-06-2001 16:07
21,3972,3,10-06-2001 16:17
21,3996,4,10-06-2001 16:10
21,4002,4,10-06-2001 16:23
21,4016,3,10-06-2001 16:15
21,4034,4,10-06-2001 16:09
21,4092,3,10-06-2001 15:58
21,4105,5,10-06-2001 16:21
21,4210,3,10-06-2001 16:13
21,4224,3,10-06-2001 16:00
22,1,3,09-07-2001 00:22
22,6,5,09-07-2001 00:29
22,16,5,09-07-2001 00:23
22,47,4,09-07-2001 00:21
22,50,4,09-07-2001 00:19
22,69,3,09-07-2001 00:24
22,95,4,09-07-2001 00:31
22,110,4,09-07-2001 00:01
22,111,4,09-07-2001 00:00
22,165,4,09-07-2001 00:30
22,288,1,09-07-2001 00:31
22,292,3,09-07-2001 00:30
22,296,5,09-07-2001 00:20
22,303,3,09-07-2001 00:32
22,318,5,09-07-2001 00:18
22,353,3,09-07-2001 00:29
22,358,3,09-07-2001 00:06
22,377,4,09-07-2001 00:29
22,434,4,09-07-2001 00:32
22,457,3,09-07-2001 00:28
22,474,3,09-07-2001 00:29
22,479,3,09-07-2001 00:31
22,494,4,09-07-2001 00:30
22,544,3,09-07-2001 00:32
22,555,4,09-07-2001 00:31
22,587,3,09-07-2001 00:07
22,589,5,09-07-2001 00:28
22,592,3,09-07-2001 00:26
22,593,5,09-07-2001 00:00
22,648,5,09-07-2001 00:30
22,733,4,09-07-2001 00:30
22,1036,5,09-07-2001 00:25
22,1037,3,09-07-2001 00:31
22,1047,5,09-07-2001 00:32
22,1089,4,09-07-2001 00:19
22,1090,3,09-07-2001 00:05
22,1101,4,09-07-2001 00:26
22,1129,3,09-07-2001 00:27
22,1196,4,09-07-2001 00:25
22,1198,3,09-07-2001 00:25
22,1210,4,09-07-2001 00:25
22,1222,4,09-07-2001 00:05
22,1240,5,09-07-2001 00:25
22,1291,3,09-07-2001 00:25
22,1370,3,09-07-2001 00:29
22,1378,3,09-07-2001 00:27
22,1385,4,09-07-2001 00:32
22,1408,2,09-07-2001 00:29
22,1518,3,09-07-2001 00:32
22,1552,4,09-07-2001 00:30
22,1573,3,09-07-2001 00:29
22,1580,3,09-07-2001 00:30
22,1587,4,09-07-2001 00:26
22,1597,4,09-07-2001 00:32
22,1608,3,09-07-2001 00:31
22,1615,3,09-07-2001 00:01
22,1625,5,09-07-2001 00:24
22,1673,3,09-07-2001 00:23
22,1676,3,09-07-2001 00:31
22,1777,4,09-07-2001 00:00
22,1912,3,09-07-2001 00:29
22,1918,4,09-07-2001 00:32
22,1954,4,09-07-2001 00:05
22,2000,4,09-07-2001 00:25
22,2001,5,09-07-2001 00:27
22,2002,3,09-07-2001 00:32
22,2028,3,09-07-2001 00:21
22,2058,3,09-07-2001 00:29
22,2115,4,09-07-2001 00:26
22,2119,3,09-07-2001 00:14
22,2193,4,09-07-2001 00:26
22,2268,5,09-07-2001 00:06
22,2278,3,09-07-2001 00:31
22,2329,4,09-07-2001 00:21
22,2353,5,09-07-2001 00:29
22,2402,5,09-07-2001 00:26
22,2403,4,09-07-2001 00:26
22,2409,4,09-07-2001 00:11
22,2410,4,09-07-2001 00:14
22,2411,4,09-07-2001 00:14
22,2412,2,09-07-2001 00:15
22,2490,3,09-07-2001 00:30
22,2571,3,09-07-2001 00:20
22,2617,4,09-07-2001 00:12
22,2640,4,09-07-2001 00:06
22,2641,3,09-07-2001 00:10
22,2642,3,09-07-2001 00:14
22,2643,2,09-07-2001 00:15
22,2676,3,09-07-2001 00:00
22,2763,4,09-07-2001 00:31
22,2858,3,09-07-2001 00:20
22,2881,3,09-07-2001 00:31
22,2916,4,09-07-2001 00:28
22,2959,4,09-07-2001 00:24
22,2985,3,09-07-2001 00:26
22,3006,4,09-07-2001 00:21
22,3020,4,09-07-2001 00:30
22,3052,2,09-07-2001 00:07
22,3100,2,09-07-2001 00:23
22,3114,3,09-07-2001 00:21
22,3147,4,09-07-2001 00:24
22,3441,4,09-07-2001 00:27
22,3525,4,09-07-2001 00:12
22,3527,5,09-07-2001 00:06
22,3698,5,09-07-2001 00:28
22,3955,2,09-07-2001 00:01
22,3979,2,09-07-2001 00:04
22,3980,3,09-07-2001 00:02
22,3987,3,09-07-2001 00:03
22,3994,4,09-07-2001 00:02
22,3996,4,09-07-2001 00:01
22,3999,3,09-07-2001 00:03
22,4006,4,09-07-2001 00:28
22,4011,3,09-07-2001 00:01
22,4015,4,09-07-2001 00:02
22,4016,3,09-07-2001 00:02
22,4018,4,09-07-2001 00:12
22,4022,3,09-07-2001 00:01
22,4025,3,09-07-2001 00:03
22,4034,4,09-07-2001 00:01
22,4052,3,09-07-2001 00:03
22,4084,3,09-07-2001 00:28
22,4085,3,09-07-2001 00:26
22,4262,4,09-07-2001 00:26
22,4270,5,09-07-2001 00:17
22,4306,3,09-07-2001 00:16
22,4351,4,09-07-2001 00:08
22,4354,3,09-07-2001 00:08
22,4367,5,09-07-2001 00:17
22,4396,4,09-07-2001 00:12
22,4498,3,09-07-2001 00:26
22,4565,3,09-07-2001 00:25
22,4620,3,09-07-2001 00:27
23,1,4,24-12-1998 00:13
23,25,4,24-12-1998 00:07
23,32,5,24-12-1998 00:12
23,47,5,24-12-1998 00:06
23,50,5,24-12-1998 00:02
23,70,1,24-12-1998 00:15
23,110,4,24-12-1998 00:09
23,223,5,24-12-1998 00:05
23,232,3,24-12-1998 00:10
23,235,3,24-12-1998 00:14
23,293,5,24-12-1998 00:08
23,296,5,24-12-1998 00:03
23,318,5,24-12-1998 00:00
23,342,3,24-12-1998 00:11
23,347,3,24-12-1998 00:10
23,356,2,24-12-1998 00:00
23,457,4,24-12-1998 00:11
23,475,4,24-12-1998 00:15
23,493,3,24-12-1998 00:06
23,508,5,24-12-1998 00:09
23,527,5,24-12-1998 00:02
23,535,5,24-12-1998 00:14
23,555,5,24-12-1998 00:08
23,589,3,24-12-1998 00:12
23,593,4,24-12-1998 00:02
23,608,5,24-12-1998 00:08
23,678,5,24-12-1998 00:06
23,720,4,24-12-1998 00:04
23,778,5,24-12-1998 00:05
23,838,1,24-12-1998 00:13
23,866,4,24-12-1998 00:09
23,1047,5,24-12-1998 00:15
23,1059,5,24-12-1998 00:13
23,1060,5,24-12-1998 00:06
23,1089,5,24-12-1998 00:04
23,1094,3,24-12-1998 00:12
23,1095,5,24-12-1998 00:10
23,1111,5,24-12-1998 00:02
23,1188,5,24-12-1998 00:04
23,1215,3,24-12-1998 00:13
23,1245,4,24-12-1998 00:06
23,1249,5,24-12-1998 00:09
23,1268,4,24-12-1998 00:02
23,1358,5,24-12-1998 00:07
23,1366,4,24-12-1998 00:16
23,1408,4,24-12-1998 00:11
23,1411,4,24-12-1998 00:05
23,1466,4,24-12-1998 00:12
23,1500,5,24-12-1998 00:09
23,1527,5,24-12-1998 00:10
23,1580,5,24-12-1998 00:15
23,1584,5,24-12-1998 00:14
23,1617,5,24-12-1998 00:07
23,1625,4,24-12-1998 00:10
23,1639,3,24-12-1998 00:02
23,1641,4,24-12-1998 00:03
23,1653,5,24-12-1998 00:03
23,1673,3,24-12-1998 00:07
23,1678,3,24-12-1998 00:05
23,1704,5,24-12-1998 00:03
23,1719,4,24-12-1998 00:04
23,1721,4,24-12-1998 00:03
23,1722,4,24-12-1998 00:10
23,1729,4,24-12-1998 00:07
